1;001(ж/д) Дёма - Шакша;Дёма - Шакша;>;Дёма;NULL;1
2;001(ж/д) Дёма - Шакша;Дёма - Шакша;>;Дёма-2;NULL;2
3;001(ж/д) Дёма - Шакша;Дёма - Шакша;>;пл. Правая Белая;NULL;3
4;001(ж/д) Дёма - Шакша;Дёма - Шакша;>;Уфа;NULL;4
5;001(ж/д) Дёма - Шакша;Дёма - Шакша;>;пл. Воронки;NULL;5
6;001(ж/д) Дёма - Шакша;Дёма - Шакша;>;пл. 1629 км;NULL;6
7;001(ж/д) Дёма - Шакша;Дёма - Шакша;>;пл. Парковая;NULL;7
8;001(ж/д) Дёма - Шакша;Дёма - Шакша;>;Черниковка;NULL;8
9;001(ж/д) Дёма - Шакша;Дёма - Шакша;>;пл. Спортивная;NULL;9
10;001(ж/д) Дёма - Шакша;Дёма - Шакша;>;пл. Правая Уфимка;NULL;10
11;001(ж/д) Дёма - Шакша;Дёма - Шакша;>;Шакша;NULL;11
1;001(ж/д) Дёма - Шакша;Шакша - Дёма;<;Шакша;NULL;1
2;001(ж/д) Дёма - Шакша;Шакша - Дёма;<;пл. Правая Уфимка;NULL;2
3;001(ж/д) Дёма - Шакша;Шакша - Дёма;<;пл. Спортивная;NULL;3
4;001(ж/д) Дёма - Шакша;Шакша - Дёма;<;Черниковка;NULL;4
5;001(ж/д) Дёма - Шакша;Шакша - Дёма;<;пл. Парковая;NULL;5
6;001(ж/д) Дёма - Шакша;Шакша - Дёма;<;пл. 1629 км;NULL;6
7;001(ж/д) Дёма - Шакша;Шакша - Дёма;<;пл. Воронки;NULL;7
8;001(ж/д) Дёма - Шакша;Шакша - Дёма;<;Уфа;NULL;8
9;001(ж/д) Дёма - Шакша;Шакша - Дёма;<;пл. Правая Белая;NULL;9
10;001(ж/д) Дёма - Шакша;Шакша - Дёма;<;Дёма-2;NULL;10
11;001(ж/д) Дёма - Шакша;Шакша - Дёма;<;Дёма;NULL;11
1;002(ж/д) Дёма - Уфа;Дёма - Уфа;>;Дёма;NULL;1
2;002(ж/д) Дёма - Уфа;Дёма - Уфа;>;Дёма-2;NULL;2
3;002(ж/д) Дёма - Уфа;Дёма - Уфа;>;пл. Левая Белая;NULL;3
4;002(ж/д) Дёма - Уфа;Дёма - Уфа;>;пл. Правая Белая;NULL;4
5;002(ж/д) Дёма - Уфа;Дёма - Уфа;>;Уфа;NULL;5
1;002(ж/д) Дёма - Уфа;Уфа - Дёма;<;Уфа;NULL;1
2;002(ж/д) Дёма - Уфа;Уфа - Дёма;<;пл. Правая Белая;NULL;2
3;002(ж/д) Дёма - Уфа;Уфа - Дёма;<;пл. Левая Белая;NULL;3
4;002(ж/д) Дёма - Уфа;Уфа - Дёма;<;Дёма-2;NULL;4
5;002(ж/д) Дёма - Уфа;Уфа - Дёма;<;Дёма;NULL;5
1;003(ж/д) Уфа - Шакша;Уфа - Шакша;>;Уфа;NULL;1
2;003(ж/д) Уфа - Шакша;Уфа - Шакша;>;пл. Воронки;NULL;2
3;003(ж/д) Уфа - Шакша;Уфа - Шакша;>;пл. 1629 км;NULL;3
4;003(ж/д) Уфа - Шакша;Уфа - Шакша;>;пл. Парковая;NULL;4
5;003(ж/д) Уфа - Шакша;Уфа - Шакша;>;Черниковка;NULL;5
6;003(ж/д) Уфа - Шакша;Уфа - Шакша;>;пл. Спортивная;NULL;6
7;003(ж/д) Уфа - Шакша;Уфа - Шакша;>;пл. Правая Уфимка;NULL;7
8;003(ж/д) Уфа - Шакша;Уфа - Шакша;>;Шакша;NULL;8
1;003(ж/д) Уфа - Шакша;Шакша - Уфа;<;Шакша;NULL;1
2;003(ж/д) Уфа - Шакша;Шакша - Уфа;<;пл. Правая Уфимка;NULL;2
3;003(ж/д) Уфа - Шакша;Шакша - Уфа;<;пл. Спортивная;NULL;3
4;003(ж/д) Уфа - Шакша;Шакша - Уфа;<;Черниковка;NULL;4
5;003(ж/д) Уфа - Шакша;Шакша - Уфа;<;пл. Парковая;NULL;5
6;003(ж/д) Уфа - Шакша;Шакша - Уфа;<;пл. 1629 км;NULL;6
7;003(ж/д) Уфа - Шакша;Шакша - Уфа;<;пл. Воронки;NULL;7
8;003(ж/д) Уфа - Шакша;Шакша - Уфа;<;Уфа;NULL;8
1;Г 009 Северный автовокзал - Пос. Турбаслы;Пос. Турбаслы - Северный автовокзал;>;ул. Молодежная;NULL;1
2;Г 009 Северный автовокзал - Пос. Турбаслы;Пос. Турбаслы - Северный автовокзал;>;Старые Турбаслы;NULL;2
21;Г 009 Северный автовокзал - Пос. Турбаслы;Северный автовокзал - Пос. Турбаслы;<;Старые Турбаслы;NULL;21
22;Г 009 Северный автовокзал - Пос. Турбаслы;Северный автовокзал - Пос. Турбаслы;<;ул. Молодежная;NULL;22
14;Г 018(Тб) Эко-парк Сосны - ТК Центральный;ТК Центральный - Эко-парк Сосны;<;Кооператив;NULL;14
15;Г 018(Тб) Эко-парк Сосны - ТК Центральный;ТК Центральный - Эко-парк Сосны;<;Гора;NULL;15
1;Г 018(Тб) Эко-парк Сосны - ТК Центральный;Эко-парк Сосны - ТК Центральный;>;Гора;NULL;1
2;Г 018(Тб) Эко-парк Сосны - ТК Центральный;Эко-парк Сосны - ТК Центральный;>;Кооператив;NULL;2
5;Г 034 Ул. Гилева - Узловая автобаза;Узловая автобаза - Ул. Гилева;<;Мкр. «Яркий»;NULL;5
10;Г 034 Ул. Гилева - Узловая автобаза;Ул. Гилева - Узловая автобаза;>;Мкр. «Яркий»;NULL;10
4;Г 043 Северный автовокзал - Новые Черкассы;Новые Черкассы - Северный автовокзал;<;Сад №3;NULL;4
16;Г 043 Северный автовокзал - Новые Черкассы;Северный автовокзал - Новые Черкассы;>;Сад №3;NULL;16
1;Г 057А Уфимское управление буровых работ - Больница №21;Больница №21 - Уфимское управление буровых работ;<;Железнодорожная станция Дёма-2;NULL;1
11;Г 057А Уфимское управление буровых работ - Больница №21;Уфимское управление буровых работ - Больница №21;>;Железнодорожная станция Дёма-2;NULL;11
7;Г 073 Больница №21 - ТЦ МЕГА-УФА;ТЦ МЕГА-УФА - Больница №21;>;Уфаархпроект;NULL;7
1;Г 203 Кузнецовский затон - ТРЦ Планета;Кузнецовский затон - ТРЦ Планета;>;Кузнецовский затон;NULL;1
4;Г 203 Кузнецовский затон - ТРЦ Планета;Кузнецовский затон - ТРЦ Планета;>;Гипермаркет «Лента»;NULL;4
19;Г 203 Кузнецовский затон - ТРЦ Планета;ТРЦ Планета - Кузнецовский затон;<;Гипермаркет «Лента»;NULL;19
22;Г 203 Кузнецовский затон - ТРЦ Планета;ТРЦ Планета - Кузнецовский затон;<;Автосервис;NULL;22
23;Г 203 Кузнецовский затон - ТРЦ Планета;ТРЦ Планета - Кузнецовский затон;<;Кузнецовский затон;NULL;23
2;Г 204 Улица Вологодская - Больница №18;Больница №18 - Улица Вологодская;<;Улица Блюхера;NULL;2
21;Г 204 Улица Вологодская - Больница №18;Улица Вологодская - Больница №18;>;Улица Блюхера;NULL;21
10;Г 205 Улица Парковая - Телецентр;Телецентр - Улица Парковая;<;Уфаархпроект;NULL;10
11;Г 205 Улица Парковая - Телецентр;Улица Парковая - Телецентр;>;Уфаархпроект;NULL;11
19;Г 205 Улица Парковая - Телецентр;Улица Парковая - Телецентр;>;БГУ;NULL;19
1;Г 206 Паромная переправа -Базилевские сады;Базилевские сады - Паромная переправа;<;Сады №41 и 32;NULL;1
2;Г 206 Паромная переправа -Базилевские сады;Базилевские сады - Паромная переправа;<;Сады №27 и 39;NULL;2
3;Г 206 Паромная переправа -Базилевские сады;Базилевские сады - Паромная переправа;<;Сады №43 (Ольховка);NULL;3
4;Г 206 Паромная переправа -Базилевские сады;Базилевские сады - Паромная переправа;<;Сады №14;NULL;4
5;Г 206 Паромная переправа -Базилевские сады;Базилевские сады - Паромная переправа;<;Сады №25;NULL;5
6;Г 206 Паромная переправа -Базилевские сады;Базилевские сады - Паромная переправа;<;Сады №19;NULL;6
7;Г 206 Паромная переправа -Базилевские сады;Базилевские сады - Паромная переправа;<;Сады №9;NULL;7
8;Г 206 Паромная переправа -Базилевские сады;Базилевские сады - Паромная переправа;<;Сады Сосенка;NULL;8
9;Г 206 Паромная переправа -Базилевские сады;Базилевские сады - Паромная переправа;<;Переправа ДОК;NULL;9
1;Г 206 Паромная переправа -Базилевские сады;Паромная переправа - Базилевские сады;>;Переправа ДОК;NULL;1
2;Г 206 Паромная переправа -Базилевские сады;Паромная переправа - Базилевские сады;>;Сады Сосенка;NULL;2
3;Г 206 Паромная переправа -Базилевские сады;Паромная переправа - Базилевские сады;>;Сады №9;NULL;3
4;Г 206 Паромная переправа -Базилевские сады;Паромная переправа - Базилевские сады;>;Сады №19;NULL;4
5;Г 206 Паромная переправа -Базилевские сады;Паромная переправа - Базилевские сады;>;Сады №25;NULL;5
6;Г 206 Паромная переправа -Базилевские сады;Паромная переправа - Базилевские сады;>;Сады №14;NULL;6
7;Г 206 Паромная переправа -Базилевские сады;Паромная переправа - Базилевские сады;>;Сады №43 (Ольховка);NULL;7
8;Г 206 Паромная переправа -Базилевские сады;Паромная переправа - Базилевские сады;>;Сады №27 и 39;NULL;8
9;Г 206 Паромная переправа -Базилевские сады;Паромная переправа - Базилевские сады;>;Сады №41 и 32;NULL;9
1;Г 207 Уфимский ДОК - ТРЦ Планета;Уфимский ДОК - ТСК Пушкинский;<;Уфимский ДОК;NULL;1
1;Г 217 Северный автовокзал - п. Максимовка;п. Максимовка - Северный автовокзал;<;Спивакова;NULL;1
26;Г 217 Северный автовокзал - п. Максимовка;Северный автовокзал - п. Максимовка;>;Спивакова;NULL;26
1;Г 218 Микрорайон Дема (Ул. Гилева) - Дема-2;Больница №18 - Микрорайон Дема (Ул. Гилева);<;Железнодорожная станция Дёма-2;NULL;1
18;Г 218 Микрорайон Дема (Ул. Гилева) - Дема-2;Больница №18 - Микрорайон Дема (Ул. Гилева);<;ул. Гилёва (конечная);NULL;18
1;Г 218 Микрорайон Дема (Ул. Гилева) - Дема-2;Микрорайон Дема (Ул. Гилева) - Больница №18;>;ул. Гилёва (конечная);NULL;1
18;Г 218 Микрорайон Дема (Ул. Гилева) - Дема-2;Микрорайон Дема (Ул. Гилева) - Больница №18;>;Железнодорожная станция Дёма-2;NULL;18
33;Г 220 Профилакторий «Радуга» - Южный автовокзал;Профилакторий «Радуга» - Южный автовокзал;<;Профилакторий «Радуга»;NULL;33
1;Г 220 Профилакторий «Радуга» - Южный автовокзал;Южный автовокзал - Профилакторий «Радуга»;>;Профилакторий «Радуга»;NULL;1
4;Г 229 Оздоровительный комплекс «Сипайловский» - Торгово-сервисный комплекс «Северный» - Химпром;Оздоровительный комплекс «Сипайловский» - Торгово-сервисный комплекс «Северный» - Химпром;>;Академика Королёва;NULL;4
14;Г 229 Оздоровительный комплекс «Сипайловский» - Торгово-сервисный комплекс «Северный» - Химпром;Химпром -  Торгово-сервисный комплекс «Северный» - Оздоровительный комплекс «Сипайловский»;<;ДК Химиков;NULL;14
27;Г 229 Оздоровительный комплекс «Сипайловский» - Торгово-сервисный комплекс «Северный» - Химпром;Химпром -  Торгово-сервисный комплекс «Северный» - Оздоровительный комплекс «Сипайловский»;<;ТК Терем;NULL;27
8;Г 236 Филиал «Уфагаз» ОАО «Газсервис» (Уфагаз) - Ледовый дворец «Уфа-Арена» - Микрорайон Шакша;Микрорайон Шакша - Ледовый дворец «Уфа-Арена» - Филиал «Уфагаз» ОАО «Газсервис» (Уфагаз);<;Микрорайон «Федоровка»;NULL;8
9;Г 236 Филиал «Уфагаз» ОАО «Газсервис» (Уфагаз) - Ледовый дворец «Уфа-Арена» - Микрорайон Шакша;Микрорайон Шакша - Ледовый дворец «Уфа-Арена» - Филиал «Уфагаз» ОАО «Газсервис» (Уфагаз);<;д. Карпово;NULL;9
15;Г 236 Филиал «Уфагаз» ОАО «Газсервис» (Уфагаз) - Ледовый дворец «Уфа-Арена» - Микрорайон Шакша;Микрорайон Шакша - Ледовый дворец «Уфа-Арена» - Филиал «Уфагаз» ОАО «Газсервис» (Уфагаз);<;Гипермаркет «Лента»;NULL;15
16;Г 236 Филиал «Уфагаз» ОАО «Газсервис» (Уфагаз) - Ледовый дворец «Уфа-Арена» - Микрорайон Шакша;Филиал «Уфагаз» ОАО «Газсервис» (Уфагаз) - Ледовый дворец «Уфа-Арена» - Микрорайон Шакша;>;Гипермаркет «Лента»;NULL;16
22;Г 236 Филиал «Уфагаз» ОАО «Газсервис» (Уфагаз) - Ледовый дворец «Уфа-Арена» - Микрорайон Шакша;Филиал «Уфагаз» ОАО «Газсервис» (Уфагаз) - Ледовый дворец «Уфа-Арена» - Микрорайон Шакша;>;д. Карпово;NULL;22
23;Г 236 Филиал «Уфагаз» ОАО «Газсервис» (Уфагаз) - Ледовый дворец «Уфа-Арена» - Микрорайон Шакша;Филиал «Уфагаз» ОАО «Газсервис» (Уфагаз) - Ледовый дворец «Уфа-Арена» - Микрорайон Шакша;>;Микрорайон «Федоровка»;NULL;23
14;Г 238 Микрорайон Молодёжный - ул. Дзержинского;ул. Дзержинского - микрорайон Молодёжный;<;Уфаархпроект;NULL;14
8;Г 242 ТСК «8-ое Марта» - Аптека №2 - ТСК  «8-ое Марта» (ч/з ул. Революционная);ТСК «8-ое Марта» - Аптека №2 - ТСК  «8-ое Марта» (ч/з ул. Революционная);>;Уфаархпроект;NULL;8
19;Г 242А ТСК «8-ое Марта» - Аптека №2 - ТСК  «8-ое Марта» (ч/з ул. Революционная);ТСК «8-ое Марта» - Аптека №2 - ТСК  «8-ое Марта» (ч/з ул. Революционная);<;Уфаархпроект;NULL;19
11;Г 246 Мега-Икеа - Микрорайон Мечта;Мега-Икеа - Микрорайон Мечта;>;Южная;NULL;11
12;Г 246 Мега-Икеа - Микрорайон Мечта;Мега-Икеа - Микрорайон Мечта;>;Мкр. Спутник;NULL;12
18;Г 246 Мега-Икеа - Микрорайон Мечта;Мега-Икеа - Микрорайон Мечта;>;Локотковская улица;NULL;18
19;Г 246 Мега-Икеа - Микрорайон Мечта;Мега-Икеа - Микрорайон Мечта;>;Микрорайон Атаевка;NULL;19
20;Г 246 Мега-Икеа - Микрорайон Мечта;Мега-Икеа - Микрорайон Мечта;>;Микрорайон Мечта;NULL;20
21;Г 246 Мега-Икеа - Микрорайон Мечта;Мега-Икеа - Микрорайон Мечта;>;Микрорайон Королёво;NULL;21
1;Г 246 Мега-Икеа - Микрорайон Мечта;Микрорайон Мечта - Микрорайон Белореченский;<;Микрорайон Королёво;NULL;1
2;Г 246 Мега-Икеа - Микрорайон Мечта;Микрорайон Мечта - Микрорайон Белореченский;<;Микрорайон Мечта;NULL;2
3;Г 246 Мега-Икеа - Микрорайон Мечта;Микрорайон Мечта - Микрорайон Белореченский;<;Микрорайон Атаевка;NULL;3
4;Г 246 Мега-Икеа - Микрорайон Мечта;Микрорайон Мечта - Микрорайон Белореченский;<;Локотковская улица;NULL;4
10;Г 246 Мега-Икеа - Микрорайон Мечта;Микрорайон Мечта - Микрорайон Белореченский;<;Мкр. Спутник;NULL;10
11;Г 246 Мега-Икеа - Микрорайон Мечта;Микрорайон Мечта - Микрорайон Белореченский;<;Южная;NULL;11
1;Г 252 Гипермаркет «Лента» - Микрорайон «Колгуевский» - Микрорайон Нижегородка;Гипермаркет «Лента» - Микрорайон «Колгуевский» - Микрорайон Нижегородка;>;Гипермаркет «Лента»;NULL;1
40;Г 252 Гипермаркет «Лента» - Микрорайон «Колгуевский» - Микрорайон Нижегородка;Микрорайон Нижегородка - Гипермаркет «Лента» - Микрорайон «Колгуевский»;<;Ул. Армавирская;NULL;40
42;Г 252 Гипермаркет «Лента» - Микрорайон «Колгуевский» - Микрорайон Нижегородка;Микрорайон Нижегородка - Гипермаркет «Лента» - Микрорайон «Колгуевский»;<;Гипермаркет «Лента»;NULL;42
27;Г 264 ОК Сипайловский - Телецентр;ОК Сипайловский - Телецентр;>;Ул. Октябрьской Революции;NULL;27
30;Г 264 ОК Сипайловский - Телецентр;ОК Сипайловский - Телецентр;>;БГУ;NULL;30
33;Г 264 ОК Сипайловский - Телецентр;ОК Сипайловский - Телецентр;>;"""ТСК """"Пушкинский""""""";NULL;33
1;Г 264 ОК Сипайловский - Телецентр;Телецентр - ОК Сипайловский;<;"""ТСК """"Пушкинский""""""";NULL;1
26;Г 264 ОК Сипайловский - Телецентр;Телецентр - ОК Сипайловский;<;ТК Терем;NULL;26
10;Г 278 Улица Рощинская - Больница №21;Больница №21 - Улица Рощинская;>;Гипермаркет «Лента»;NULL;10
15;Г 278 Улица Рощинская - Больница №21;Улица Рощинская - Больница №21;<;Гипермаркет «Лента»;NULL;15
1;Г 287 Ул. им. города Галле - Поселок 8-ое Марта - Микрорайон «Забельский»;Микрорайон «Забельский» - Поселок 8-ое Марта - Ул. им. города Галле;<;3-я Аэродромная (8 Марта);NULL;1
2;Г 287 Ул. им. города Галле - Поселок 8-ое Марта - Микрорайон «Забельский»;Микрорайон «Забельский» - Поселок 8-ое Марта - Ул. им. города Галле;<;Аэродром Забельский;NULL;2
10;Г 287 Ул. им. города Галле - Поселок 8-ое Марта - Микрорайон «Забельский»;Ул. им. города Галле - Поселок 8-ое Марта - Микрорайон «Забельский»;>;Аэродром Забельский;NULL;10
11;Г 287 Ул. им. города Галле - Поселок 8-ое Марта - Микрорайон «Забельский»;Ул. им. города Галле - Поселок 8-ое Марта - Микрорайон «Забельский»;>;3-я Аэродромная (8 Марта);NULL;11
27;Г 291 Уфа-АвтоВАЗ - Гимназия-интернат №1;Гимназия-интернат №1 -Уфа-АвтоВАЗ;<;Спортивная;NULL;27
8;Г 291 Уфа-АвтоВАЗ - Гимназия-интернат №1;Уфа-АвтоВАЗ - Гимназия-интернат №1;>;Спортивная;NULL;8
11;Г 291 Уфа-АвтоВАЗ - Гимназия-интернат №1;Уфа-АвтоВАЗ - Гимназия-интернат №1;>;Университет им. Шолохова;NULL;11
7;Г 292 Микрорайон «Серебряный ручей» - «Мега-Уфа»- мкрн.«Цветы Башкирии»;Микрорайон «Серебряный ручей» - Семейный торговый центр «Мега-Уфа»;>;Мкр. «Яркий»;NULL;7
14;Г 292 Микрорайон «Серебряный ручей» - «Мега-Уфа»- мкрн.«Цветы Башкирии»;Микрорайон «Серебряный ручей» - Семейный торговый центр «Мега-Уфа»;>;Красная улица;NULL;14
15;Г 292 Микрорайон «Серебряный ручей» - «Мега-Уфа»- мкрн.«Цветы Башкирии»;Микрорайон «Серебряный ручей» - Семейный торговый центр «Мега-Уфа»;>;Ореховая улица;NULL;15
1;Г 292 Микрорайон «Серебряный ручей» - «Мега-Уфа»- мкрн.«Цветы Башкирии»;Семейный торговый центр «Мега-Уфа» - Микрорайон «Серебряный ручей»;<;Ореховая улица;NULL;1
2;Г 292 Микрорайон «Серебряный ручей» - «Мега-Уфа»- мкрн.«Цветы Башкирии»;Семейный торговый центр «Мега-Уфа» - Микрорайон «Серебряный ручей»;<;Красная улица;NULL;2
9;Г 292 Микрорайон «Серебряный ручей» - «Мега-Уфа»- мкрн.«Цветы Башкирии»;Семейный торговый центр «Мега-Уфа» - Микрорайон «Серебряный ручей»;<;Мкр. «Яркий»;NULL;9
13;Г 293 Никольский - Старая Александровка - Колхозный рынок;Колхозный рынок - Старая Александровка - Никольский;<;Причальная улица;NULL;13
19;Г 293 Никольский - Старая Александровка - Колхозный рынок;Колхозный рынок - Старая Александровка - Никольский;<;Загородная улица;NULL;19
1;Г 293 Никольский - Старая Александровка - Колхозный рынок;Никольский - Старая Александровка - Колхозный рынок;>;Загородная улица;NULL;1
7;Г 293 Никольский - Старая Александровка - Колхозный рынок;Никольский - Старая Александровка - Колхозный рынок;>;Причальная улица;NULL;7
1;Г 296 ТЭЦ-1 - Вотикеево;Вотикеево - ТЭЦ-1;<;Луговая улица;NULL;1
6;Г 296 ТЭЦ-1 - Вотикеево;Вотикеево - ТЭЦ-1;<;Сад №3;NULL;6
18;Г 296 ТЭЦ-1 - Вотикеево;ТЭЦ-1 - Вотикеево;>;Сад №3;NULL;18
25;Г 296 ТЭЦ-1 - Вотикеево;ТЭЦ-1 - Вотикеево;>;Луговая улица;NULL;25
1;Г 299 ДК УМПО - Микрорайон Базилевка - Микрорайон «Федоровка»;299 ДК УМПО - Микрорайон Базилевка - Микрорайон «Федоровка»;<;Микрорайон «Федоровка»;NULL;1
2;Г 299 ДК УМПО - Микрорайон Базилевка - Микрорайон «Федоровка»;299 ДК УМПО - Микрорайон Базилевка - Микрорайон «Федоровка»;<;Сады №41 и 32;NULL;2
3;Г 299 ДК УМПО - Микрорайон Базилевка - Микрорайон «Федоровка»;299 ДК УМПО - Микрорайон Базилевка - Микрорайон «Федоровка»;<;Сады №43;NULL;3
7;Г 299 ДК УМПО - Микрорайон Базилевка - Микрорайон «Федоровка»;299 ДК УМПО - Микрорайон Базилевка - Микрорайон «Федоровка»;<;Сад №40;NULL;7
8;Г 299 ДК УМПО - Микрорайон Базилевка - Микрорайон «Федоровка»;299 ДК УМПО - Микрорайон Базилевка - Микрорайон «Федоровка»;<;Геодезическая улица;NULL;8
9;Г 299 ДК УМПО - Микрорайон Базилевка - Микрорайон «Федоровка»;299 ДК УМПО - Микрорайон Базилевка - Микрорайон «Федоровка»;<;ОАО Газсервис;NULL;9
10;Г 299 ДК УМПО - Микрорайон Базилевка - Микрорайон «Федоровка»;299 ДК УМПО - Микрорайон Базилевка - Микрорайон «Федоровка»;<;Магазин;NULL;10
11;Г 299 ДК УМПО - Микрорайон Базилевка - Микрорайон «Федоровка»;299 ДК УМПО - Микрорайон Базилевка - Микрорайон «Федоровка»;<;Исправительная колония №3;NULL;11
12;Г 299 ДК УМПО - Микрорайон Базилевка - Микрорайон «Федоровка»;299 ДК УМПО - Микрорайон Базилевка - Микрорайон «Федоровка»;<;УЗМПИ;NULL;12
11;Г 299 ДК УМПО - Микрорайон Базилевка - Микрорайон «Федоровка»;299 Микрорайон «Федоровка» - Микрорайон Базилевка - ДК УМПО;>;УЗМПИ;NULL;11
12;Г 299 ДК УМПО - Микрорайон Базилевка - Микрорайон «Федоровка»;299 Микрорайон «Федоровка» - Микрорайон Базилевка - ДК УМПО;>;Исправительная колония №3;NULL;12
13;Г 299 ДК УМПО - Микрорайон Базилевка - Микрорайон «Федоровка»;299 Микрорайон «Федоровка» - Микрорайон Базилевка - ДК УМПО;>;Магазин;NULL;13
14;Г 299 ДК УМПО - Микрорайон Базилевка - Микрорайон «Федоровка»;299 Микрорайон «Федоровка» - Микрорайон Базилевка - ДК УМПО;>;ОАО Газсервис;NULL;14
15;Г 299 ДК УМПО - Микрорайон Базилевка - Микрорайон «Федоровка»;299 Микрорайон «Федоровка» - Микрорайон Базилевка - ДК УМПО;>;Геодезическая улица;NULL;15
16;Г 299 ДК УМПО - Микрорайон Базилевка - Микрорайон «Федоровка»;299 Микрорайон «Федоровка» - Микрорайон Базилевка - ДК УМПО;>;Сад №40;NULL;16
20;Г 299 ДК УМПО - Микрорайон Базилевка - Микрорайон «Федоровка»;299 Микрорайон «Федоровка» - Микрорайон Базилевка - ДК УМПО;>;Сады №43;NULL;20
21;Г 299 ДК УМПО - Микрорайон Базилевка - Микрорайон «Федоровка»;299 Микрорайон «Федоровка» - Микрорайон Базилевка - ДК УМПО;>;Сады №41 и 32;NULL;21
22;Г 299 ДК УМПО - Микрорайон Базилевка - Микрорайон «Федоровка»;299 Микрорайон «Федоровка» - Микрорайон Базилевка - ДК УМПО;>;Микрорайон «Федоровка»;NULL;22
1;Г 300  Радуга - ДК УМПО;ДК УМПО - Радуга;>;Радуга;NULL;1
2;Г 300  Радуга - ДК УМПО;ДК УМПО - Радуга;>;ДК Химиков;NULL;2
5;Г 300  Радуга - ДК УМПО;Радуга - ДК УМПО;<;ДК Химиков;NULL;5
6;Г 300  Радуга - ДК УМПО;Радуга - ДК УМПО;<;Радуга;NULL;6
1;М 1(г) Инорс - ТСК Пушкинский;Инорс - ТСК Пушкинский;>;Гимназия №140;NULL;1
7;М 1(г) Инорс - ТСК Пушкинский;Инорс - ТСК Пушкинский;>;Уфимский ДОК;NULL;7
8;М 1(г) Инорс - ТСК Пушкинский;Инорс - ТСК Пушкинский;>;Ул. им. Фроновых Бригад;NULL;8
9;М 1(г) Инорс - ТСК Пушкинский;Инорс - ТСК Пушкинский;>;Школа №68;NULL;9
10;М 1(г) Инорс - ТСК Пушкинский;Инорс - ТСК Пушкинский;>;Переулок Железнодорожный;NULL;10
11;М 1(г) Инорс - ТСК Пушкинский;Инорс - ТСК Пушкинский;>;Бульвар Баландина;NULL;11
12;М 1(г) Инорс - ТСК Пушкинский;Инорс - ТСК Пушкинский;>;Ул. Глинки;NULL;12
13;М 1(г) Инорс - ТСК Пушкинский;Инорс - ТСК Пушкинский;>;Университет им. Шолохова;NULL;13
38;М 1(г) Инорс - ТСК Пушкинский;ТСК Пушкинский - Инорс;<;Университет им. Шолохова;NULL;38
39;М 1(г) Инорс - ТСК Пушкинский;ТСК Пушкинский - Инорс;<;Ул. Глинки;NULL;39
40;М 1(г) Инорс - ТСК Пушкинский;ТСК Пушкинский - Инорс;<;Бульвар Баландина;NULL;40
41;М 1(г) Инорс - ТСК Пушкинский;ТСК Пушкинский - Инорс;<;Переулок Железнодорожный;NULL;41
42;М 1(г) Инорс - ТСК Пушкинский;ТСК Пушкинский - Инорс;<;Школа №68;NULL;42
43;М 1(г) Инорс - ТСК Пушкинский;ТСК Пушкинский - Инорс;<;Ул. им. Фроновых Бригад;NULL;43
44;М 1(г) Инорс - ТСК Пушкинский;ТСК Пушкинский - Инорс;<;Уфимский ДОК;NULL;44
50;М 1(г) Инорс - ТСК Пушкинский;ТСК Пушкинский - Инорс;<;Гимназия №140;NULL;50
26;М 2(г) Северный автовокзал - ТСК Пушкинский;Северный автовокзал - ТСК Пушкинский;>;БГУ;NULL;26
28;М 2(г) Северный автовокзал - ТСК Пушкинский;Северный автовокзал - ТСК Пушкинский;>;"""ТСК """"Пушкинский""""""";NULL;28
1;М 2(г) Северный автовокзал - ТСК Пушкинский;ТСК Пушкинский - Северный автовокзал;<;"""ТСК """"Пушкинский""""""";NULL;1
2;М 2(г) Северный автовокзал - ТСК Пушкинский;ТСК Пушкинский - Северный автовокзал;<;NULL;NULL;2
5;М 2(г) Северный автовокзал - ТСК Пушкинский;ТСК Пушкинский - Северный автовокзал;<;NULL;NULL;5
6;М 2(г) Северный автовокзал - ТСК Пушкинский;ТСК Пушкинский - Северный автовокзал;<;NULL;NULL;6
7;М 2(г) Северный автовокзал - ТСК Пушкинский;ТСК Пушкинский - Северный автовокзал;<;NULL;NULL;7
9;М 2(г) Северный автовокзал - ТСК Пушкинский;ТСК Пушкинский - Северный автовокзал;<;NULL;NULL;9
11;М 2(г) Северный автовокзал - ТСК Пушкинский;ТСК Пушкинский - Северный автовокзал;<;NULL;NULL;11
12;М 2(г) Северный автовокзал - ТСК Пушкинский;ТСК Пушкинский - Северный автовокзал;<;NULL;NULL;12
13;М 2(г) Северный автовокзал - ТСК Пушкинский;ТСК Пушкинский - Северный автовокзал;<;NULL;NULL;13
15;М 2(г) Северный автовокзал - ТСК Пушкинский;ТСК Пушкинский - Северный автовокзал;<;NULL;NULL;15
16;М 2(г) Северный автовокзал - ТСК Пушкинский;ТСК Пушкинский - Северный автовокзал;<;NULL;NULL;16
18;М 2(г) Северный автовокзал - ТСК Пушкинский;ТСК Пушкинский - Северный автовокзал;<;NULL;NULL;18
19;М 2(г) Северный автовокзал - ТСК Пушкинский;ТСК Пушкинский - Северный автовокзал;<;NULL;NULL;19
20;М 2(г) Северный автовокзал - ТСК Пушкинский;ТСК Пушкинский - Северный автовокзал;<;NULL;NULL;20
22;М 2(г) Северный автовокзал - ТСК Пушкинский;ТСК Пушкинский - Северный автовокзал;<;NULL;NULL;22
25;М 2(г) Северный автовокзал - ТСК Пушкинский;ТСК Пушкинский - Северный автовокзал;<;NULL;NULL;25
27;М 2(г) Северный автовокзал - ТСК Пушкинский;ТСК Пушкинский - Северный автовокзал;<;NULL;NULL;27
29;М 2(г) Северный автовокзал - ТСК Пушкинский;ТСК Пушкинский - Северный автовокзал;<;NULL;NULL;29
32;М 2(г) Северный автовокзал - ТСК Пушкинский;ТСК Пушкинский - Северный автовокзал;<;NULL;NULL;32
34;М 2(г) Северный автовокзал - ТСК Пушкинский;ТСК Пушкинский - Северный автовокзал;<;NULL;NULL;34
36;М 2(г) Северный автовокзал - ТСК Пушкинский;ТСК Пушкинский - Северный автовокзал;<;NULL;NULL;36
38;М 2(г) Северный автовокзал - ТСК Пушкинский;ТСК Пушкинский - Северный автовокзал;<;NULL;NULL;38
39;М 2(г) Северный автовокзал - ТСК Пушкинский;ТСК Пушкинский - Северный автовокзал;<;NULL;NULL;39
40;М 2(г) Северный автовокзал - ТСК Пушкинский;ТСК Пушкинский - Северный автовокзал;<;NULL;NULL;40
43;М 2(г) Северный автовокзал - ТСК Пушкинский;ТСК Пушкинский - Северный автовокзал;<;NULL;NULL;43
44;М 2(г) Северный автовокзал - ТСК Пушкинский;ТСК Пушкинский - Северный автовокзал;<;NULL;NULL;44
46;М 2(г) Северный автовокзал - ТСК Пушкинский;ТСК Пушкинский - Северный автовокзал;<;NULL;NULL;46
48;М 2(г) Северный автовокзал - ТСК Пушкинский;ТСК Пушкинский - Северный автовокзал;<;NULL;NULL;48
50;М 2(г) Северный автовокзал - ТСК Пушкинский;ТСК Пушкинский - Северный автовокзал;<;NULL;NULL;50
52;М 2(г) Северный автовокзал - ТСК Пушкинский;ТСК Пушкинский - Северный автовокзал;<;NULL;NULL;52
54;М 2(г) Северный автовокзал - ТСК Пушкинский;ТСК Пушкинский - Северный автовокзал;<;NULL;NULL;54
58;М 2(г) Северный автовокзал - ТСК Пушкинский;ТСК Пушкинский - Северный автовокзал;<;NULL;NULL;58
59;М 2(г) Северный автовокзал - ТСК Пушкинский;ТСК Пушкинский - Северный автовокзал;<;NULL;NULL;59
60;М 2(г) Северный автовокзал - ТСК Пушкинский;ТСК Пушкинский - Северный автовокзал;<;NULL;NULL;60
3;М 3(г) ТЭЦ-1 - Белореченский мкрн.;Белореченский мкрн. - ТЭЦ-1;<;NULL;NULL;3
6;М 3(г) ТЭЦ-1 - Белореченский мкрн.;Белореченский мкрн. - ТЭЦ-1;<;NULL;NULL;6
8;М 3(г) ТЭЦ-1 - Белореченский мкрн.;Белореченский мкрн. - ТЭЦ-1;<;NULL;NULL;8
9;М 3(г) ТЭЦ-1 - Белореченский мкрн.;Белореченский мкрн. - ТЭЦ-1;<;NULL;NULL;9
11;М 3(г) ТЭЦ-1 - Белореченский мкрн.;Белореченский мкрн. - ТЭЦ-1;<;NULL;NULL;11
13;М 3(г) ТЭЦ-1 - Белореченский мкрн.;Белореченский мкрн. - ТЭЦ-1;<;NULL;NULL;13
14;М 3(г) ТЭЦ-1 - Белореченский мкрн.;Белореченский мкрн. - ТЭЦ-1;<;NULL;NULL;14
15;М 3(г) ТЭЦ-1 - Белореченский мкрн.;Белореченский мкрн. - ТЭЦ-1;<;NULL;NULL;15
17;М 3(г) ТЭЦ-1 - Белореченский мкрн.;Белореченский мкрн. - ТЭЦ-1;<;NULL;NULL;17
20;М 3(г) ТЭЦ-1 - Белореченский мкрн.;Белореченский мкрн. - ТЭЦ-1;<;NULL;NULL;20
24;М 3(г) ТЭЦ-1 - Белореченский мкрн.;Белореченский мкрн. - ТЭЦ-1;<;NULL;NULL;24
26;М 3(г) ТЭЦ-1 - Белореченский мкрн.;Белореченский мкрн. - ТЭЦ-1;<;NULL;NULL;26
28;М 3(г) ТЭЦ-1 - Белореченский мкрн.;Белореченский мкрн. - ТЭЦ-1;<;NULL;NULL;28
30;М 3(г) ТЭЦ-1 - Белореченский мкрн.;Белореченский мкрн. - ТЭЦ-1;<;NULL;NULL;30
31;М 3(г) ТЭЦ-1 - Белореченский мкрн.;Белореченский мкрн. - ТЭЦ-1;<;NULL;NULL;31
33;М 3(г) ТЭЦ-1 - Белореченский мкрн.;Белореченский мкрн. - ТЭЦ-1;<;NULL;NULL;33
34;М 3(г) ТЭЦ-1 - Белореченский мкрн.;Белореченский мкрн. - ТЭЦ-1;<;NULL;NULL;34
36;М 3(г) ТЭЦ-1 - Белореченский мкрн.;Белореченский мкрн. - ТЭЦ-1;<;NULL;NULL;36
39;М 3(г) ТЭЦ-1 - Белореченский мкрн.;Белореченский мкрн. - ТЭЦ-1;<;NULL;NULL;39
40;М 3(г) ТЭЦ-1 - Белореченский мкрн.;Белореченский мкрн. - ТЭЦ-1;<;NULL;NULL;40
41;М 3(г) ТЭЦ-1 - Белореченский мкрн.;Белореченский мкрн. - ТЭЦ-1;<;NULL;NULL;41
42;М 3(г) ТЭЦ-1 - Белореченский мкрн.;Белореченский мкрн. - ТЭЦ-1;<;NULL;NULL;42
44;М 3(г) ТЭЦ-1 - Белореченский мкрн.;Белореченский мкрн. - ТЭЦ-1;<;NULL;NULL;44
46;М 3(г) ТЭЦ-1 - Белореченский мкрн.;Белореченский мкрн. - ТЭЦ-1;<;NULL;NULL;46
48;М 3(г) ТЭЦ-1 - Белореченский мкрн.;Белореченский мкрн. - ТЭЦ-1;<;NULL;NULL;48
50;М 3(г) ТЭЦ-1 - Белореченский мкрн.;Белореченский мкрн. - ТЭЦ-1;<;NULL;NULL;50
52;М 3(г) ТЭЦ-1 - Белореченский мкрн.;Белореченский мкрн. - ТЭЦ-1;<;NULL;NULL;52
54;М 3(г) ТЭЦ-1 - Белореченский мкрн.;Белореченский мкрн. - ТЭЦ-1;<;NULL;NULL;54
55;М 3(г) ТЭЦ-1 - Белореченский мкрн.;Белореченский мкрн. - ТЭЦ-1;<;NULL;NULL;55
57;М 3(г) ТЭЦ-1 - Белореченский мкрн.;Белореченский мкрн. - ТЭЦ-1;<;NULL;NULL;57
58;М 3(г) ТЭЦ-1 - Белореченский мкрн.;Белореченский мкрн. - ТЭЦ-1;<;NULL;NULL;58
60;М 3(г) ТЭЦ-1 - Белореченский мкрн.;Белореченский мкрн. - ТЭЦ-1;<;NULL;NULL;60
63;М 3(г) ТЭЦ-1 - Белореченский мкрн.;Белореченский мкрн. - ТЭЦ-1;<;NULL;NULL;63
2;М 3(г) ТЭЦ-1 - Белореченский мкрн.;ТЭЦ-1 - Белореченский мкрн.;>;NULL;NULL;2
6;М 3(г) ТЭЦ-1 - Белореченский мкрн.;ТЭЦ-1 - Белореченский мкрн.;>;NULL;NULL;6
7;М 3(г) ТЭЦ-1 - Белореченский мкрн.;ТЭЦ-1 - Белореченский мкрн.;>;NULL;NULL;7
8;М 3(г) ТЭЦ-1 - Белореченский мкрн.;ТЭЦ-1 - Белореченский мкрн.;>;NULL;NULL;8
10;М 3(г) ТЭЦ-1 - Белореченский мкрн.;ТЭЦ-1 - Белореченский мкрн.;>;NULL;NULL;10
11;М 3(г) ТЭЦ-1 - Белореченский мкрн.;ТЭЦ-1 - Белореченский мкрн.;>;NULL;NULL;11
13;М 3(г) ТЭЦ-1 - Белореченский мкрн.;ТЭЦ-1 - Белореченский мкрн.;>;NULL;NULL;13
15;М 3(г) ТЭЦ-1 - Белореченский мкрн.;ТЭЦ-1 - Белореченский мкрн.;>;NULL;NULL;15
17;М 3(г) ТЭЦ-1 - Белореченский мкрн.;ТЭЦ-1 - Белореченский мкрн.;>;NULL;NULL;17
19;М 3(г) ТЭЦ-1 - Белореченский мкрн.;ТЭЦ-1 - Белореченский мкрн.;>;NULL;NULL;19
21;М 3(г) ТЭЦ-1 - Белореченский мкрн.;ТЭЦ-1 - Белореченский мкрн.;>;NULL;NULL;21
23;М 3(г) ТЭЦ-1 - Белореченский мкрн.;ТЭЦ-1 - Белореченский мкрн.;>;NULL;NULL;23
24;М 3(г) ТЭЦ-1 - Белореченский мкрн.;ТЭЦ-1 - Белореченский мкрн.;>;NULL;NULL;24
26;М 3(г) ТЭЦ-1 - Белореченский мкрн.;ТЭЦ-1 - Белореченский мкрн.;>;NULL;NULL;26
28;М 3(г) ТЭЦ-1 - Белореченский мкрн.;ТЭЦ-1 - Белореченский мкрн.;>;NULL;NULL;28
30;М 3(г) ТЭЦ-1 - Белореченский мкрн.;ТЭЦ-1 - Белореченский мкрн.;>;NULL;NULL;30
31;М 3(г) ТЭЦ-1 - Белореченский мкрн.;ТЭЦ-1 - Белореченский мкрн.;>;NULL;NULL;31
33;М 3(г) ТЭЦ-1 - Белореченский мкрн.;ТЭЦ-1 - Белореченский мкрн.;>;NULL;NULL;33
34;М 3(г) ТЭЦ-1 - Белореченский мкрн.;ТЭЦ-1 - Белореченский мкрн.;>;NULL;NULL;34
36;М 3(г) ТЭЦ-1 - Белореченский мкрн.;ТЭЦ-1 - Белореченский мкрн.;>;NULL;NULL;36
39;М 3(г) ТЭЦ-1 - Белореченский мкрн.;ТЭЦ-1 - Белореченский мкрн.;>;NULL;NULL;39
40;М 3(г) ТЭЦ-1 - Белореченский мкрн.;ТЭЦ-1 - Белореченский мкрн.;>;NULL;NULL;40
44;М 3(г) ТЭЦ-1 - Белореченский мкрн.;ТЭЦ-1 - Белореченский мкрн.;>;NULL;NULL;44
47;М 3(г) ТЭЦ-1 - Белореченский мкрн.;ТЭЦ-1 - Белореченский мкрн.;>;NULL;NULL;47
49;М 3(г) ТЭЦ-1 - Белореченский мкрн.;ТЭЦ-1 - Белореченский мкрн.;>;NULL;NULL;49
50;М 3(г) ТЭЦ-1 - Белореченский мкрн.;ТЭЦ-1 - Белореченский мкрн.;>;NULL;NULL;50
51;М 3(г) ТЭЦ-1 - Белореченский мкрн.;ТЭЦ-1 - Белореченский мкрн.;>;NULL;NULL;51
53;М 3(г) ТЭЦ-1 - Белореченский мкрн.;ТЭЦ-1 - Белореченский мкрн.;>;NULL;NULL;53
55;М 3(г) ТЭЦ-1 - Белореченский мкрн.;ТЭЦ-1 - Белореченский мкрн.;>;NULL;NULL;55
56;М 3(г) ТЭЦ-1 - Белореченский мкрн.;ТЭЦ-1 - Белореченский мкрн.;>;NULL;NULL;56
59;М 3(г) ТЭЦ-1 - Белореченский мкрн.;ТЭЦ-1 - Белореченский мкрн.;>;NULL;NULL;59
61;М 3(г) ТЭЦ-1 - Белореченский мкрн.;ТЭЦ-1 - Белореченский мкрн.;>;NULL;NULL;61
64;М 3(г) ТЭЦ-1 - Белореченский мкрн.;ТЭЦ-1 - Белореченский мкрн.;>;NULL;NULL;64
3;М 4(г) Уфа-АвтоВАЗ - Белореченский мкрн.;Белореченский мкрн. - Уфа-АвтоВАЗ;<;NULL;NULL;3
5;М 4(г) Уфа-АвтоВАЗ - Белореченский мкрн.;Белореченский мкрн. - Уфа-АвтоВАЗ;<;NULL;NULL;5
8;М 4(г) Уфа-АвтоВАЗ - Белореченский мкрн.;Белореченский мкрн. - Уфа-АвтоВАЗ;<;NULL;NULL;8
10;М 4(г) Уфа-АвтоВАЗ - Белореченский мкрн.;Белореченский мкрн. - Уфа-АвтоВАЗ;<;NULL;NULL;10
11;М 4(г) Уфа-АвтоВАЗ - Белореченский мкрн.;Белореченский мкрн. - Уфа-АвтоВАЗ;<;NULL;NULL;11
13;М 4(г) Уфа-АвтоВАЗ - Белореченский мкрн.;Белореченский мкрн. - Уфа-АвтоВАЗ;<;NULL;NULL;13
15;М 4(г) Уфа-АвтоВАЗ - Белореченский мкрн.;Белореченский мкрн. - Уфа-АвтоВАЗ;<;NULL;NULL;15
16;М 4(г) Уфа-АвтоВАЗ - Белореченский мкрн.;Белореченский мкрн. - Уфа-АвтоВАЗ;<;NULL;NULL;16
17;М 4(г) Уфа-АвтоВАЗ - Белореченский мкрн.;Белореченский мкрн. - Уфа-АвтоВАЗ;<;NULL;NULL;17
19;М 4(г) Уфа-АвтоВАЗ - Белореченский мкрн.;Белореченский мкрн. - Уфа-АвтоВАЗ;<;NULL;NULL;19
22;М 4(г) Уфа-АвтоВАЗ - Белореченский мкрн.;Белореченский мкрн. - Уфа-АвтоВАЗ;<;NULL;NULL;22
26;М 4(г) Уфа-АвтоВАЗ - Белореченский мкрн.;Белореченский мкрн. - Уфа-АвтоВАЗ;<;NULL;NULL;26
28;М 4(г) Уфа-АвтоВАЗ - Белореченский мкрн.;Белореченский мкрн. - Уфа-АвтоВАЗ;<;NULL;NULL;28
30;М 4(г) Уфа-АвтоВАЗ - Белореченский мкрн.;Белореченский мкрн. - Уфа-АвтоВАЗ;<;NULL;NULL;30
31;М 4(г) Уфа-АвтоВАЗ - Белореченский мкрн.;Белореченский мкрн. - Уфа-АвтоВАЗ;<;NULL;NULL;31
33;М 4(г) Уфа-АвтоВАЗ - Белореченский мкрн.;Белореченский мкрн. - Уфа-АвтоВАЗ;<;NULL;NULL;33
34;М 4(г) Уфа-АвтоВАЗ - Белореченский мкрн.;Белореченский мкрн. - Уфа-АвтоВАЗ;<;NULL;NULL;34
35;М 4(г) Уфа-АвтоВАЗ - Белореченский мкрн.;Белореченский мкрн. - Уфа-АвтоВАЗ;<;NULL;NULL;35
38;М 4(г) Уфа-АвтоВАЗ - Белореченский мкрн.;Белореченский мкрн. - Уфа-АвтоВАЗ;<;NULL;NULL;38
40;М 4(г) Уфа-АвтоВАЗ - Белореченский мкрн.;Белореченский мкрн. - Уфа-АвтоВАЗ;<;NULL;NULL;40
42;М 4(г) Уфа-АвтоВАЗ - Белореченский мкрн.;Белореченский мкрн. - Уфа-АвтоВАЗ;<;NULL;NULL;42
44;М 4(г) Уфа-АвтоВАЗ - Белореченский мкрн.;Белореченский мкрн. - Уфа-АвтоВАЗ;<;NULL;NULL;44
46;М 4(г) Уфа-АвтоВАЗ - Белореченский мкрн.;Белореченский мкрн. - Уфа-АвтоВАЗ;<;NULL;NULL;46
49;М 4(г) Уфа-АвтоВАЗ - Белореченский мкрн.;Белореченский мкрн. - Уфа-АвтоВАЗ;<;NULL;NULL;49
50;М 4(г) Уфа-АвтоВАЗ - Белореченский мкрн.;Белореченский мкрн. - Уфа-АвтоВАЗ;<;NULL;NULL;50
51;М 4(г) Уфа-АвтоВАЗ - Белореченский мкрн.;Белореченский мкрн. - Уфа-АвтоВАЗ;<;NULL;NULL;51
54;М 4(г) Уфа-АвтоВАЗ - Белореченский мкрн.;Белореченский мкрн. - Уфа-АвтоВАЗ;<;NULL;NULL;54
57;М 4(г) Уфа-АвтоВАЗ - Белореченский мкрн.;Белореченский мкрн. - Уфа-АвтоВАЗ;<;NULL;NULL;57
58;М 4(г) Уфа-АвтоВАЗ - Белореченский мкрн.;Белореченский мкрн. - Уфа-АвтоВАЗ;<;NULL;NULL;58
61;М 4(г) Уфа-АвтоВАЗ - Белореченский мкрн.;Белореченский мкрн. - Уфа-АвтоВАЗ;<;NULL;NULL;61
62;М 4(г) Уфа-АвтоВАЗ - Белореченский мкрн.;Белореченский мкрн. - Уфа-АвтоВАЗ;<;NULL;NULL;62
66;М 4(г) Уфа-АвтоВАЗ - Белореченский мкрн.;Белореченский мкрн. - Уфа-АвтоВАЗ;<;NULL;NULL;66
68;М 4(г) Уфа-АвтоВАЗ - Белореченский мкрн.;Белореченский мкрн. - Уфа-АвтоВАЗ;<;NULL;NULL;68
2;М 4(г) Уфа-АвтоВАЗ - Белореченский мкрн.;Уфа-АвтоВАЗ - Белореченский мкрн.;>;NULL;NULL;2
4;М 4(г) Уфа-АвтоВАЗ - Белореченский мкрн.;Уфа-АвтоВАЗ - Белореченский мкрн.;>;NULL;NULL;4
8;М 4(г) Уфа-АвтоВАЗ - Белореченский мкрн.;Уфа-АвтоВАЗ - Белореченский мкрн.;>;NULL;NULL;8
9;М 4(г) Уфа-АвтоВАЗ - Белореченский мкрн.;Уфа-АвтоВАЗ - Белореченский мкрн.;>;NULL;NULL;9
12;М 4(г) Уфа-АвтоВАЗ - Белореченский мкрн.;Уфа-АвтоВАЗ - Белореченский мкрн.;>;NULL;NULL;12
14;М 4(г) Уфа-АвтоВАЗ - Белореченский мкрн.;Уфа-АвтоВАЗ - Белореченский мкрн.;>;NULL;NULL;14
17;М 4(г) Уфа-АвтоВАЗ - Белореченский мкрн.;Уфа-АвтоВАЗ - Белореченский мкрн.;>;NULL;NULL;17
19;М 4(г) Уфа-АвтоВАЗ - Белореченский мкрн.;Уфа-АвтоВАЗ - Белореченский мкрн.;>;NULL;NULL;19
20;М 4(г) Уфа-АвтоВАЗ - Белореченский мкрн.;Уфа-АвтоВАЗ - Белореченский мкрн.;>;NULL;NULL;20
21;М 4(г) Уфа-АвтоВАЗ - Белореченский мкрн.;Уфа-АвтоВАЗ - Белореченский мкрн.;>;NULL;NULL;21
24;М 4(г) Уфа-АвтоВАЗ - Белореченский мкрн.;Уфа-АвтоВАЗ - Белореченский мкрн.;>;NULL;NULL;24
26;М 4(г) Уфа-АвтоВАЗ - Белореченский мкрн.;Уфа-АвтоВАЗ - Белореченский мкрн.;>;NULL;NULL;26
28;М 4(г) Уфа-АвтоВАЗ - Белореченский мкрн.;Уфа-АвтоВАЗ - Белореченский мкрн.;>;NULL;NULL;28
30;М 4(г) Уфа-АвтоВАЗ - Белореченский мкрн.;Уфа-АвтоВАЗ - Белореченский мкрн.;>;NULL;NULL;30
33;М 4(г) Уфа-АвтоВАЗ - Белореченский мкрн.;Уфа-АвтоВАЗ - Белореченский мкрн.;>;NULL;NULL;33
35;М 4(г) Уфа-АвтоВАЗ - Белореченский мкрн.;Уфа-АвтоВАЗ - Белореченский мкрн.;>;NULL;NULL;35
36;М 4(г) Уфа-АвтоВАЗ - Белореченский мкрн.;Уфа-АвтоВАЗ - Белореченский мкрн.;>;NULL;NULL;36
37;М 4(г) Уфа-АвтоВАЗ - Белореченский мкрн.;Уфа-АвтоВАЗ - Белореченский мкрн.;>;NULL;NULL;37
39;М 4(г) Уфа-АвтоВАЗ - Белореченский мкрн.;Уфа-АвтоВАЗ - Белореченский мкрн.;>;NULL;NULL;39
42;М 4(г) Уфа-АвтоВАЗ - Белореченский мкрн.;Уфа-АвтоВАЗ - Белореченский мкрн.;>;NULL;NULL;42
44;М 4(г) Уфа-АвтоВАЗ - Белореченский мкрн.;Уфа-АвтоВАЗ - Белореченский мкрн.;>;NULL;NULL;44
45;М 4(г) Уфа-АвтоВАЗ - Белореченский мкрн.;Уфа-АвтоВАЗ - Белореченский мкрн.;>;NULL;NULL;45
49;М 4(г) Уфа-АвтоВАЗ - Белореченский мкрн.;Уфа-АвтоВАЗ - Белореченский мкрн.;>;NULL;NULL;49
52;М 4(г) Уфа-АвтоВАЗ - Белореченский мкрн.;Уфа-АвтоВАЗ - Белореченский мкрн.;>;NULL;NULL;52
54;М 4(г) Уфа-АвтоВАЗ - Белореченский мкрн.;Уфа-АвтоВАЗ - Белореченский мкрн.;>;NULL;NULL;54
55;М 4(г) Уфа-АвтоВАЗ - Белореченский мкрн.;Уфа-АвтоВАЗ - Белореченский мкрн.;>;NULL;NULL;55
56;М 4(г) Уфа-АвтоВАЗ - Белореченский мкрн.;Уфа-АвтоВАЗ - Белореченский мкрн.;>;NULL;NULL;56
58;М 4(г) Уфа-АвтоВАЗ - Белореченский мкрн.;Уфа-АвтоВАЗ - Белореченский мкрн.;>;NULL;NULL;58
60;М 4(г) Уфа-АвтоВАЗ - Белореченский мкрн.;Уфа-АвтоВАЗ - Белореченский мкрн.;>;NULL;NULL;60
61;М 4(г) Уфа-АвтоВАЗ - Белореченский мкрн.;Уфа-АвтоВАЗ - Белореченский мкрн.;>;NULL;NULL;61
64;М 4(г) Уфа-АвтоВАЗ - Белореченский мкрн.;Уфа-АвтоВАЗ - Белореченский мкрн.;>;NULL;NULL;64
66;М 4(г) Уфа-АвтоВАЗ - Белореченский мкрн.;Уфа-АвтоВАЗ - Белореченский мкрн.;>;NULL;NULL;66
69;М 4(г) Уфа-АвтоВАЗ - Белореченский мкрн.;Уфа-АвтоВАЗ - Белореченский мкрн.;>;NULL;NULL;69
3;М 5(г) ОК Сипайловский - ТСК Пушкинский;ОК Сипайловский - ТСК Пушкинский;>;NULL;NULL;3
7;М 5(г) ОК Сипайловский - ТСК Пушкинский;ОК Сипайловский - ТСК Пушкинский;>;NULL;NULL;7
9;М 5(г) ОК Сипайловский - ТСК Пушкинский;ОК Сипайловский - ТСК Пушкинский;>;NULL;NULL;9
12;М 5(г) ОК Сипайловский - ТСК Пушкинский;ОК Сипайловский - ТСК Пушкинский;>;NULL;NULL;12
15;М 5(г) ОК Сипайловский - ТСК Пушкинский;ОК Сипайловский - ТСК Пушкинский;>;NULL;NULL;15
17;М 5(г) ОК Сипайловский - ТСК Пушкинский;ОК Сипайловский - ТСК Пушкинский;>;NULL;NULL;17
18;М 5(г) ОК Сипайловский - ТСК Пушкинский;ОК Сипайловский - ТСК Пушкинский;>;NULL;NULL;18
20;М 5(г) ОК Сипайловский - ТСК Пушкинский;ОК Сипайловский - ТСК Пушкинский;>;NULL;NULL;20
21;М 5(г) ОК Сипайловский - ТСК Пушкинский;ОК Сипайловский - ТСК Пушкинский;>;NULL;NULL;21
22;М 5(г) ОК Сипайловский - ТСК Пушкинский;ОК Сипайловский - ТСК Пушкинский;>;NULL;NULL;22
24;М 5(г) ОК Сипайловский - ТСК Пушкинский;ОК Сипайловский - ТСК Пушкинский;>;NULL;NULL;24
26;М 5(г) ОК Сипайловский - ТСК Пушкинский;ОК Сипайловский - ТСК Пушкинский;>;NULL;NULL;26
29;М 5(г) ОК Сипайловский - ТСК Пушкинский;ОК Сипайловский - ТСК Пушкинский;>;NULL;NULL;29
31;М 5(г) ОК Сипайловский - ТСК Пушкинский;ОК Сипайловский - ТСК Пушкинский;>;NULL;NULL;31
32;М 5(г) ОК Сипайловский - ТСК Пушкинский;ОК Сипайловский - ТСК Пушкинский;>;NULL;NULL;32
35;М 5(г) ОК Сипайловский - ТСК Пушкинский;ОК Сипайловский - ТСК Пушкинский;>;NULL;NULL;35
37;М 5(г) ОК Сипайловский - ТСК Пушкинский;ОК Сипайловский - ТСК Пушкинский;>;NULL;NULL;37
38;М 5(г) ОК Сипайловский - ТСК Пушкинский;ОК Сипайловский - ТСК Пушкинский;>;NULL;NULL;38
39;М 5(г) ОК Сипайловский - ТСК Пушкинский;ОК Сипайловский - ТСК Пушкинский;>;NULL;NULL;39
41;М 5(г) ОК Сипайловский - ТСК Пушкинский;ОК Сипайловский - ТСК Пушкинский;>;NULL;NULL;41
42;М 5(г) ОК Сипайловский - ТСК Пушкинский;ОК Сипайловский - ТСК Пушкинский;>;NULL;NULL;42
44;М 5(г) ОК Сипайловский - ТСК Пушкинский;ОК Сипайловский - ТСК Пушкинский;>;NULL;NULL;44
45;М 5(г) ОК Сипайловский - ТСК Пушкинский;ОК Сипайловский - ТСК Пушкинский;>;NULL;NULL;45
47;М 5(г) ОК Сипайловский - ТСК Пушкинский;ОК Сипайловский - ТСК Пушкинский;>;NULL;NULL;47
48;М 5(г) ОК Сипайловский - ТСК Пушкинский;ОК Сипайловский - ТСК Пушкинский;>;NULL;NULL;48
50;М 5(г) ОК Сипайловский - ТСК Пушкинский;ОК Сипайловский - ТСК Пушкинский;>;NULL;NULL;50
51;М 5(г) ОК Сипайловский - ТСК Пушкинский;ОК Сипайловский - ТСК Пушкинский;>;NULL;NULL;51
52;М 5(г) ОК Сипайловский - ТСК Пушкинский;ОК Сипайловский - ТСК Пушкинский;>;NULL;NULL;52
53;М 5(г) ОК Сипайловский - ТСК Пушкинский;ОК Сипайловский - ТСК Пушкинский;>;БГУ;NULL;53
55;М 5(г) ОК Сипайловский - ТСК Пушкинский;ОК Сипайловский - ТСК Пушкинский;>;NULL;NULL;55
56;М 5(г) ОК Сипайловский - ТСК Пушкинский;ОК Сипайловский - ТСК Пушкинский;>;"""ТСК """"Пушкинский""""""";NULL;56
1;М 5(г) ОК Сипайловский - ТСК Пушкинский;ТСК Пушкинский - ОК Сипайловский;<;"""ТСК """"Пушкинский""""""";NULL;1
2;М 5(г) ОК Сипайловский - ТСК Пушкинский;ТСК Пушкинский - ОК Сипайловский;<;NULL;NULL;2
5;М 5(г) ОК Сипайловский - ТСК Пушкинский;ТСК Пушкинский - ОК Сипайловский;<;NULL;NULL;5
6;М 5(г) ОК Сипайловский - ТСК Пушкинский;ТСК Пушкинский - ОК Сипайловский;<;NULL;NULL;6
7;М 5(г) ОК Сипайловский - ТСК Пушкинский;ТСК Пушкинский - ОК Сипайловский;<;NULL;NULL;7
9;М 5(г) ОК Сипайловский - ТСК Пушкинский;ТСК Пушкинский - ОК Сипайловский;<;NULL;NULL;9
11;М 5(г) ОК Сипайловский - ТСК Пушкинский;ТСК Пушкинский - ОК Сипайловский;<;NULL;NULL;11
12;М 5(г) ОК Сипайловский - ТСК Пушкинский;ТСК Пушкинский - ОК Сипайловский;<;NULL;NULL;12
13;М 5(г) ОК Сипайловский - ТСК Пушкинский;ТСК Пушкинский - ОК Сипайловский;<;NULL;NULL;13
15;М 5(г) ОК Сипайловский - ТСК Пушкинский;ТСК Пушкинский - ОК Сипайловский;<;NULL;NULL;15
16;М 5(г) ОК Сипайловский - ТСК Пушкинский;ТСК Пушкинский - ОК Сипайловский;<;NULL;NULL;16
18;М 5(г) ОК Сипайловский - ТСК Пушкинский;ТСК Пушкинский - ОК Сипайловский;<;NULL;NULL;18
19;М 5(г) ОК Сипайловский - ТСК Пушкинский;ТСК Пушкинский - ОК Сипайловский;<;NULL;NULL;19
20;М 5(г) ОК Сипайловский - ТСК Пушкинский;ТСК Пушкинский - ОК Сипайловский;<;NULL;NULL;20
22;М 5(г) ОК Сипайловский - ТСК Пушкинский;ТСК Пушкинский - ОК Сипайловский;<;NULL;NULL;22
25;М 5(г) ОК Сипайловский - ТСК Пушкинский;ТСК Пушкинский - ОК Сипайловский;<;NULL;NULL;25
27;М 5(г) ОК Сипайловский - ТСК Пушкинский;ТСК Пушкинский - ОК Сипайловский;<;NULL;NULL;27
29;М 5(г) ОК Сипайловский - ТСК Пушкинский;ТСК Пушкинский - ОК Сипайловский;<;NULL;NULL;29
32;М 5(г) ОК Сипайловский - ТСК Пушкинский;ТСК Пушкинский - ОК Сипайловский;<;NULL;NULL;32
33;М 5(г) ОК Сипайловский - ТСК Пушкинский;ТСК Пушкинский - ОК Сипайловский;<;NULL;NULL;33
35;М 5(г) ОК Сипайловский - ТСК Пушкинский;ТСК Пушкинский - ОК Сипайловский;<;NULL;NULL;35
36;М 5(г) ОК Сипайловский - ТСК Пушкинский;ТСК Пушкинский - ОК Сипайловский;<;NULL;NULL;36
37;М 5(г) ОК Сипайловский - ТСК Пушкинский;ТСК Пушкинский - ОК Сипайловский;<;NULL;NULL;37
39;М 5(г) ОК Сипайловский - ТСК Пушкинский;ТСК Пушкинский - ОК Сипайловский;<;NULL;NULL;39
40;М 5(г) ОК Сипайловский - ТСК Пушкинский;ТСК Пушкинский - ОК Сипайловский;<;NULL;NULL;40
41;М 5(г) ОК Сипайловский - ТСК Пушкинский;ТСК Пушкинский - ОК Сипайловский;<;NULL;NULL;41
44;М 5(г) ОК Сипайловский - ТСК Пушкинский;ТСК Пушкинский - ОК Сипайловский;<;NULL;NULL;44
47;М 5(г) ОК Сипайловский - ТСК Пушкинский;ТСК Пушкинский - ОК Сипайловский;<;NULL;NULL;47
49;М 5(г) ОК Сипайловский - ТСК Пушкинский;ТСК Пушкинский - ОК Сипайловский;<;NULL;NULL;49
52;М 5(г) ОК Сипайловский - ТСК Пушкинский;ТСК Пушкинский - ОК Сипайловский;<;NULL;NULL;52
3;М 6(г) Театр кукол - Белореченский мкрн.;Белореченский мкрн. Гимназия-интернат №1;<;NULL;NULL;3
6;М 6(г) Театр кукол - Белореченский мкрн.;Белореченский мкрн. Гимназия-интернат №1;<;NULL;NULL;6
8;М 6(г) Театр кукол - Белореченский мкрн.;Белореченский мкрн. Гимназия-интернат №1;<;NULL;NULL;8
9;М 6(г) Театр кукол - Белореченский мкрн.;Белореченский мкрн. Гимназия-интернат №1;<;NULL;NULL;9
11;М 6(г) Театр кукол - Белореченский мкрн.;Белореченский мкрн. Гимназия-интернат №1;<;NULL;NULL;11
16;М 6(г) Театр кукол - Белореченский мкрн.;Белореченский мкрн. Гимназия-интернат №1;<;NULL;NULL;16
17;М 6(г) Театр кукол - Белореченский мкрн.;Белореченский мкрн. Гимназия-интернат №1;<;NULL;NULL;17
18;М 6(г) Театр кукол - Белореченский мкрн.;Белореченский мкрн. Гимназия-интернат №1;<;NULL;NULL;18
19;М 6(г) Театр кукол - Белореченский мкрн.;Белореченский мкрн. Гимназия-интернат №1;<;NULL;NULL;19
21;М 6(г) Театр кукол - Белореченский мкрн.;Белореченский мкрн. Гимназия-интернат №1;<;NULL;NULL;21
23;М 6(г) Театр кукол - Белореченский мкрн.;Белореченский мкрн. Гимназия-интернат №1;<;NULL;NULL;23
25;М 6(г) Театр кукол - Белореченский мкрн.;Белореченский мкрн. Гимназия-интернат №1;<;NULL;NULL;25
27;М 6(г) Театр кукол - Белореченский мкрн.;Белореченский мкрн. Гимназия-интернат №1;<;NULL;NULL;27
29;М 6(г) Театр кукол - Белореченский мкрн.;Белореченский мкрн. Гимназия-интернат №1;<;NULL;NULL;29
31;М 6(г) Театр кукол - Белореченский мкрн.;Белореченский мкрн. Гимназия-интернат №1;<;NULL;NULL;31
34;М 6(г) Театр кукол - Белореченский мкрн.;Белореченский мкрн. Гимназия-интернат №1;<;NULL;NULL;34
36;М 6(г) Театр кукол - Белореченский мкрн.;Белореченский мкрн. Гимназия-интернат №1;<;NULL;NULL;36
38;М 6(г) Театр кукол - Белореченский мкрн.;Белореченский мкрн. Гимназия-интернат №1;<;NULL;NULL;38
40;М 6(г) Театр кукол - Белореченский мкрн.;Белореченский мкрн. Гимназия-интернат №1;<;NULL;NULL;40
41;М 6(г) Театр кукол - Белореченский мкрн.;Белореченский мкрн. Гимназия-интернат №1;<;NULL;NULL;41
42;М 6(г) Театр кукол - Белореченский мкрн.;Белореченский мкрн. Гимназия-интернат №1;<;NULL;NULL;42
44;М 6(г) Театр кукол - Белореченский мкрн.;Белореченский мкрн. Гимназия-интернат №1;<;NULL;NULL;44
5;М 6(г) Театр кукол - Белореченский мкрн.;Гимназия-интернат №1 - Белореченский мкрн.;>;NULL;NULL;5
7;М 6(г) Театр кукол - Белореченский мкрн.;Гимназия-интернат №1 - Белореченский мкрн.;>;NULL;NULL;7
8;М 6(г) Театр кукол - Белореченский мкрн.;Гимназия-интернат №1 - Белореченский мкрн.;>;NULL;NULL;8
9;М 6(г) Театр кукол - Белореченский мкрн.;Гимназия-интернат №1 - Белореченский мкрн.;>;NULL;NULL;9
11;М 6(г) Театр кукол - Белореченский мкрн.;Гимназия-интернат №1 - Белореченский мкрн.;>;NULL;NULL;11
14;М 6(г) Театр кукол - Белореченский мкрн.;Гимназия-интернат №1 - Белореченский мкрн.;>;NULL;NULL;14
17;М 6(г) Театр кукол - Белореченский мкрн.;Гимназия-интернат №1 - Белореченский мкрн.;>;NULL;NULL;17
19;М 6(г) Театр кукол - Белореченский мкрн.;Гимназия-интернат №1 - Белореченский мкрн.;>;NULL;NULL;19
20;М 6(г) Театр кукол - Белореченский мкрн.;Гимназия-интернат №1 - Белореченский мкрн.;>;NULL;NULL;20
22;М 6(г) Театр кукол - Белореченский мкрн.;Гимназия-интернат №1 - Белореченский мкрн.;>;NULL;NULL;22
25;М 6(г) Театр кукол - Белореченский мкрн.;Гимназия-интернат №1 - Белореченский мкрн.;>;NULL;NULL;25
26;М 6(г) Театр кукол - Белореченский мкрн.;Гимназия-интернат №1 - Белореченский мкрн.;>;NULL;NULL;26
28;М 6(г) Театр кукол - Белореченский мкрн.;Гимназия-интернат №1 - Белореченский мкрн.;>;NULL;NULL;28
29;М 6(г) Театр кукол - Белореченский мкрн.;Гимназия-интернат №1 - Белореченский мкрн.;>;NULL;NULL;29
30;М 6(г) Театр кукол - Белореченский мкрн.;Гимназия-интернат №1 - Белореченский мкрн.;>;NULL;NULL;30
31;М 6(г) Театр кукол - Белореченский мкрн.;Гимназия-интернат №1 - Белореченский мкрн.;>;NULL;NULL;31
36;М 6(г) Театр кукол - Белореченский мкрн.;Гимназия-интернат №1 - Белореченский мкрн.;>;NULL;NULL;36
38;М 6(г) Театр кукол - Белореченский мкрн.;Гимназия-интернат №1 - Белореченский мкрн.;>;NULL;NULL;38
39;М 6(г) Театр кукол - Белореченский мкрн.;Гимназия-интернат №1 - Белореченский мкрн.;>;NULL;NULL;39
42;М 6(г) Театр кукол - Белореченский мкрн.;Гимназия-интернат №1 - Белореченский мкрн.;>;NULL;NULL;42
44;М 6(г) Театр кукол - Белореченский мкрн.;Гимназия-интернат №1 - Белореченский мкрн.;>;NULL;NULL;44
47;М 6(г) Театр кукол - Белореченский мкрн.;Гимназия-интернат №1 - Белореченский мкрн.;>;NULL;NULL;47
2;М 7(г) Уфимский ДОК - ТЭЦ-1;ТЭЦ-1 - Уфимский ДОК;<;NULL;NULL;2
7;М 7(г) Уфимский ДОК - ТЭЦ-1;ТЭЦ-1 - Уфимский ДОК;<;NULL;NULL;7
8;М 7(г) Уфимский ДОК - ТЭЦ-1;ТЭЦ-1 - Уфимский ДОК;<;NULL;NULL;8
9;М 7(г) Уфимский ДОК - ТЭЦ-1;ТЭЦ-1 - Уфимский ДОК;<;NULL;NULL;9
11;М 7(г) Уфимский ДОК - ТЭЦ-1;ТЭЦ-1 - Уфимский ДОК;<;NULL;NULL;11
13;М 7(г) Уфимский ДОК - ТЭЦ-1;ТЭЦ-1 - Уфимский ДОК;<;NULL;NULL;13
16;М 7(г) Уфимский ДОК - ТЭЦ-1;ТЭЦ-1 - Уфимский ДОК;<;NULL;NULL;16
18;М 7(г) Уфимский ДОК - ТЭЦ-1;ТЭЦ-1 - Уфимский ДОК;<;NULL;NULL;18
20;М 7(г) Уфимский ДОК - ТЭЦ-1;ТЭЦ-1 - Уфимский ДОК;<;NULL;NULL;20
21;М 7(г) Уфимский ДОК - ТЭЦ-1;ТЭЦ-1 - Уфимский ДОК;<;NULL;NULL;21
24;М 7(г) Уфимский ДОК - ТЭЦ-1;ТЭЦ-1 - Уфимский ДОК;<;NULL;NULL;24
28;М 7(г) Уфимский ДОК - ТЭЦ-1;ТЭЦ-1 - Уфимский ДОК;<;NULL;NULL;28
29;М 7(г) Уфимский ДОК - ТЭЦ-1;ТЭЦ-1 - Уфимский ДОК;<;NULL;NULL;29
30;М 7(г) Уфимский ДОК - ТЭЦ-1;ТЭЦ-1 - Уфимский ДОК;<;NULL;NULL;30
32;М 7(г) Уфимский ДОК - ТЭЦ-1;ТЭЦ-1 - Уфимский ДОК;<;NULL;NULL;32
35;М 7(г) Уфимский ДОК - ТЭЦ-1;ТЭЦ-1 - Уфимский ДОК;<;NULL;NULL;35
37;М 7(г) Уфимский ДОК - ТЭЦ-1;ТЭЦ-1 - Уфимский ДОК;<;NULL;NULL;37
39;М 7(г) Уфимский ДОК - ТЭЦ-1;ТЭЦ-1 - Уфимский ДОК;<;NULL;NULL;39
42;М 7(г) Уфимский ДОК - ТЭЦ-1;ТЭЦ-1 - Уфимский ДОК;<;NULL;NULL;42
43;М 7(г) Уфимский ДОК - ТЭЦ-1;ТЭЦ-1 - Уфимский ДОК;<;NULL;NULL;43
49;М 7(г) Уфимский ДОК - ТЭЦ-1;ТЭЦ-1 - Уфимский ДОК;<;NULL;NULL;49
50;М 7(г) Уфимский ДОК - ТЭЦ-1;ТЭЦ-1 - Уфимский ДОК;<;NULL;NULL;50
2;М 7(г) Уфимский ДОК - ТЭЦ-1;Уфимский ДОК - ТЭЦ-1;>;NULL;NULL;2
3;М 7(г) Уфимский ДОК - ТЭЦ-1;Уфимский ДОК - ТЭЦ-1;>;NULL;NULL;3
9;М 7(г) Уфимский ДОК - ТЭЦ-1;Уфимский ДОК - ТЭЦ-1;>;NULL;NULL;9
10;М 7(г) Уфимский ДОК - ТЭЦ-1;Уфимский ДОК - ТЭЦ-1;>;NULL;NULL;10
14;М 7(г) Уфимский ДОК - ТЭЦ-1;Уфимский ДОК - ТЭЦ-1;>;NULL;NULL;14
15;М 7(г) Уфимский ДОК - ТЭЦ-1;Уфимский ДОК - ТЭЦ-1;>;NULL;NULL;15
17;М 7(г) Уфимский ДОК - ТЭЦ-1;Уфимский ДОК - ТЭЦ-1;>;NULL;NULL;17
21;М 7(г) Уфимский ДОК - ТЭЦ-1;Уфимский ДОК - ТЭЦ-1;>;NULL;NULL;21
22;М 7(г) Уфимский ДОК - ТЭЦ-1;Уфимский ДОК - ТЭЦ-1;>;NULL;NULL;22
23;М 7(г) Уфимский ДОК - ТЭЦ-1;Уфимский ДОК - ТЭЦ-1;>;NULL;NULL;23
25;М 7(г) Уфимский ДОК - ТЭЦ-1;Уфимский ДОК - ТЭЦ-1;>;NULL;NULL;25
28;М 7(г) Уфимский ДОК - ТЭЦ-1;Уфимский ДОК - ТЭЦ-1;>;NULL;NULL;28
31;М 7(г) Уфимский ДОК - ТЭЦ-1;Уфимский ДОК - ТЭЦ-1;>;NULL;NULL;31
32;М 7(г) Уфимский ДОК - ТЭЦ-1;Уфимский ДОК - ТЭЦ-1;>;NULL;NULL;32
34;М 7(г) Уфимский ДОК - ТЭЦ-1;Уфимский ДОК - ТЭЦ-1;>;NULL;NULL;34
36;М 7(г) Уфимский ДОК - ТЭЦ-1;Уфимский ДОК - ТЭЦ-1;>;NULL;NULL;36
39;М 7(г) Уфимский ДОК - ТЭЦ-1;Уфимский ДОК - ТЭЦ-1;>;NULL;NULL;39
41;М 7(г) Уфимский ДОК - ТЭЦ-1;Уфимский ДОК - ТЭЦ-1;>;NULL;NULL;41
43;М 7(г) Уфимский ДОК - ТЭЦ-1;Уфимский ДОК - ТЭЦ-1;>;NULL;NULL;43
44;М 7(г) Уфимский ДОК - ТЭЦ-1;Уфимский ДОК - ТЭЦ-1;>;NULL;NULL;44
46;М 7(г) Уфимский ДОК - ТЭЦ-1;Уфимский ДОК - ТЭЦ-1;>;NULL;NULL;46
49;М 7(г) Уфимский ДОК - ТЭЦ-1;Уфимский ДОК - ТЭЦ-1;>;NULL;NULL;49
27;М 8(г) Уфимский ДОК - стадион Нефтяник - Северный автовокзал;Северный автовокзал - стадион Нефтяник - Уфимский ДОК;<;Уфимский ДОК;NULL;27
1;М 8(г) Уфимский ДОК - стадион Нефтяник - Северный автовокзал;Уфимский ДОК - стадион Нефтяник - Северный автовокзал;>;Уфимский ДОК;NULL;1
6;М 9(г) НПО Иммунопрепарат - Лесопарковая;Лесопарковая - НПО Иммунопрепарат;<;NULL;NULL;6
7;М 9(г) НПО Иммунопрепарат - Лесопарковая;Лесопарковая - НПО Иммунопрепарат;<;NULL;NULL;7
10;М 9(г) НПО Иммунопрепарат - Лесопарковая;Лесопарковая - НПО Иммунопрепарат;<;NULL;NULL;10
12;М 9(г) НПО Иммунопрепарат - Лесопарковая;Лесопарковая - НПО Иммунопрепарат;<;NULL;NULL;12
14;М 9(г) НПО Иммунопрепарат - Лесопарковая;Лесопарковая - НПО Иммунопрепарат;<;NULL;NULL;14
17;М 9(г) НПО Иммунопрепарат - Лесопарковая;Лесопарковая - НПО Иммунопрепарат;<;NULL;NULL;17
19;М 9(г) НПО Иммунопрепарат - Лесопарковая;Лесопарковая - НПО Иммунопрепарат;<;NULL;NULL;19
20;М 9(г) НПО Иммунопрепарат - Лесопарковая;Лесопарковая - НПО Иммунопрепарат;<;NULL;NULL;20
23;М 9(г) НПО Иммунопрепарат - Лесопарковая;Лесопарковая - НПО Иммунопрепарат;<;NULL;NULL;23
25;М 9(г) НПО Иммунопрепарат - Лесопарковая;Лесопарковая - НПО Иммунопрепарат;<;NULL;NULL;25
26;М 9(г) НПО Иммунопрепарат - Лесопарковая;Лесопарковая - НПО Иммунопрепарат;<;NULL;NULL;26
27;М 9(г) НПО Иммунопрепарат - Лесопарковая;Лесопарковая - НПО Иммунопрепарат;<;NULL;NULL;27
28;М 9(г) НПО Иммунопрепарат - Лесопарковая;Лесопарковая - НПО Иммунопрепарат;<;NULL;NULL;28
29;М 9(г) НПО Иммунопрепарат - Лесопарковая;Лесопарковая - НПО Иммунопрепарат;<;NULL;NULL;29
31;М 9(г) НПО Иммунопрепарат - Лесопарковая;Лесопарковая - НПО Иммунопрепарат;<;NULL;NULL;31
32;М 9(г) НПО Иммунопрепарат - Лесопарковая;Лесопарковая - НПО Иммунопрепарат;<;NULL;NULL;32
34;М 9(г) НПО Иммунопрепарат - Лесопарковая;Лесопарковая - НПО Иммунопрепарат;<;NULL;NULL;34
35;М 9(г) НПО Иммунопрепарат - Лесопарковая;Лесопарковая - НПО Иммунопрепарат;<;NULL;NULL;35
36;М 9(г) НПО Иммунопрепарат - Лесопарковая;Лесопарковая - НПО Иммунопрепарат;<;NULL;NULL;36
37;М 9(г) НПО Иммунопрепарат - Лесопарковая;Лесопарковая - НПО Иммунопрепарат;<;NULL;NULL;37
39;М 9(г) НПО Иммунопрепарат - Лесопарковая;Лесопарковая - НПО Иммунопрепарат;<;NULL;NULL;39
41;М 9(г) НПО Иммунопрепарат - Лесопарковая;Лесопарковая - НПО Иммунопрепарат;<;NULL;NULL;41
43;М 9(г) НПО Иммунопрепарат - Лесопарковая;Лесопарковая - НПО Иммунопрепарат;<;NULL;NULL;43
48;М 9(г) НПО Иммунопрепарат - Лесопарковая;Лесопарковая - НПО Иммунопрепарат;<;NULL;NULL;48
50;М 9(г) НПО Иммунопрепарат - Лесопарковая;Лесопарковая - НПО Иммунопрепарат;<;NULL;NULL;50
62;М 9(г) НПО Иммунопрепарат - Лесопарковая;Лесопарковая - НПО Иммунопрепарат;<;NULL;NULL;62
4;М 9(г) НПО Иммунопрепарат - Лесопарковая;НПО Иммунопрепарат - Лесопарковая;>;NULL;NULL;4
16;М 9(г) НПО Иммунопрепарат - Лесопарковая;НПО Иммунопрепарат - Лесопарковая;>;NULL;NULL;16
18;М 9(г) НПО Иммунопрепарат - Лесопарковая;НПО Иммунопрепарат - Лесопарковая;>;NULL;NULL;18
23;М 9(г) НПО Иммунопрепарат - Лесопарковая;НПО Иммунопрепарат - Лесопарковая;>;NULL;NULL;23
25;М 9(г) НПО Иммунопрепарат - Лесопарковая;НПО Иммунопрепарат - Лесопарковая;>;NULL;NULL;25
27;М 9(г) НПО Иммунопрепарат - Лесопарковая;НПО Иммунопрепарат - Лесопарковая;>;NULL;NULL;27
29;М 9(г) НПО Иммунопрепарат - Лесопарковая;НПО Иммунопрепарат - Лесопарковая;>;NULL;NULL;29
30;М 9(г) НПО Иммунопрепарат - Лесопарковая;НПО Иммунопрепарат - Лесопарковая;>;NULL;NULL;30
31;М 9(г) НПО Иммунопрепарат - Лесопарковая;НПО Иммунопрепарат - Лесопарковая;>;NULL;NULL;31
33;М 9(г) НПО Иммунопрепарат - Лесопарковая;НПО Иммунопрепарат - Лесопарковая;>;NULL;NULL;33
34;М 9(г) НПО Иммунопрепарат - Лесопарковая;НПО Иммунопрепарат - Лесопарковая;>;NULL;NULL;34
35;М 9(г) НПО Иммунопрепарат - Лесопарковая;НПО Иммунопрепарат - Лесопарковая;>;NULL;NULL;35
37;М 9(г) НПО Иммунопрепарат - Лесопарковая;НПО Иммунопрепарат - Лесопарковая;>;NULL;NULL;37
38;М 9(г) НПО Иммунопрепарат - Лесопарковая;НПО Иммунопрепарат - Лесопарковая;>;NULL;NULL;38
39;М 9(г) НПО Иммунопрепарат - Лесопарковая;НПО Иммунопрепарат - Лесопарковая;>;NULL;NULL;39
41;М 9(г) НПО Иммунопрепарат - Лесопарковая;НПО Иммунопрепарат - Лесопарковая;>;NULL;NULL;41
42;М 9(г) НПО Иммунопрепарат - Лесопарковая;НПО Иммунопрепарат - Лесопарковая;>;NULL;NULL;42
43;М 9(г) НПО Иммунопрепарат - Лесопарковая;НПО Иммунопрепарат - Лесопарковая;>;NULL;NULL;43
46;М 9(г) НПО Иммунопрепарат - Лесопарковая;НПО Иммунопрепарат - Лесопарковая;>;NULL;NULL;46
48;М 9(г) НПО Иммунопрепарат - Лесопарковая;НПО Иммунопрепарат - Лесопарковая;>;NULL;NULL;48
50;М 9(г) НПО Иммунопрепарат - Лесопарковая;НПО Иммунопрепарат - Лесопарковая;>;NULL;NULL;50
53;М 9(г) НПО Иммунопрепарат - Лесопарковая;НПО Иммунопрепарат - Лесопарковая;>;NULL;NULL;53
54;М 9(г) НПО Иммунопрепарат - Лесопарковая;НПО Иммунопрепарат - Лесопарковая;>;NULL;NULL;54
56;М 9(г) НПО Иммунопрепарат - Лесопарковая;НПО Иммунопрепарат - Лесопарковая;>;NULL;NULL;56
59;М 9(г) НПО Иммунопрепарат - Лесопарковая;НПО Иммунопрепарат - Лесопарковая;>;NULL;NULL;59
60;М 9(г) НПО Иммунопрепарат - Лесопарковая;НПО Иммунопрепарат - Лесопарковая;>;NULL;NULL;60
3;М11(г) ул. Дзержинского - ул. Софьи Перовской -  Белореченский мкрн.;Белореченский мкрн. - ул. Софьи Перовской -  ул. Дзержинского;<;NULL;NULL;3
5;М11(г) ул. Дзержинского - ул. Софьи Перовской -  Белореченский мкрн.;Белореченский мкрн. - ул. Софьи Перовской -  ул. Дзержинского;<;NULL;NULL;5
7;М11(г) ул. Дзержинского - ул. Софьи Перовской -  Белореченский мкрн.;Белореченский мкрн. - ул. Софьи Перовской -  ул. Дзержинского;<;NULL;NULL;7
9;М11(г) ул. Дзержинского - ул. Софьи Перовской -  Белореченский мкрн.;Белореченский мкрн. - ул. Софьи Перовской -  ул. Дзержинского;<;NULL;NULL;9
13;М11(г) ул. Дзержинского - ул. Софьи Перовской -  Белореченский мкрн.;Белореченский мкрн. - ул. Софьи Перовской -  ул. Дзержинского;<;NULL;NULL;13
14;М11(г) ул. Дзержинского - ул. Софьи Перовской -  Белореченский мкрн.;Белореченский мкрн. - ул. Софьи Перовской -  ул. Дзержинского;<;NULL;NULL;14
16;М11(г) ул. Дзержинского - ул. Софьи Перовской -  Белореченский мкрн.;Белореченский мкрн. - ул. Софьи Перовской -  ул. Дзержинского;<;NULL;NULL;16
17;М11(г) ул. Дзержинского - ул. Софьи Перовской -  Белореченский мкрн.;Белореченский мкрн. - ул. Софьи Перовской -  ул. Дзержинского;<;NULL;NULL;17
18;М11(г) ул. Дзержинского - ул. Софьи Перовской -  Белореченский мкрн.;Белореченский мкрн. - ул. Софьи Перовской -  ул. Дзержинского;<;NULL;NULL;18
20;М11(г) ул. Дзержинского - ул. Софьи Перовской -  Белореченский мкрн.;Белореченский мкрн. - ул. Софьи Перовской -  ул. Дзержинского;<;NULL;NULL;20
22;М11(г) ул. Дзержинского - ул. Софьи Перовской -  Белореченский мкрн.;Белореченский мкрн. - ул. Софьи Перовской -  ул. Дзержинского;<;NULL;NULL;22
23;М11(г) ул. Дзержинского - ул. Софьи Перовской -  Белореченский мкрн.;Белореченский мкрн. - ул. Софьи Перовской -  ул. Дзержинского;<;NULL;NULL;23
24;М11(г) ул. Дзержинского - ул. Софьи Перовской -  Белореченский мкрн.;Белореченский мкрн. - ул. Софьи Перовской -  ул. Дзержинского;<;NULL;NULL;24
26;М11(г) ул. Дзержинского - ул. Софьи Перовской -  Белореченский мкрн.;Белореченский мкрн. - ул. Софьи Перовской -  ул. Дзержинского;<;NULL;NULL;26
27;М11(г) ул. Дзержинского - ул. Софьи Перовской -  Белореченский мкрн.;Белореченский мкрн. - ул. Софьи Перовской -  ул. Дзержинского;<;NULL;NULL;27
29;М11(г) ул. Дзержинского - ул. Софьи Перовской -  Белореченский мкрн.;Белореченский мкрн. - ул. Софьи Перовской -  ул. Дзержинского;<;NULL;NULL;29
30;М11(г) ул. Дзержинского - ул. Софьи Перовской -  Белореченский мкрн.;Белореченский мкрн. - ул. Софьи Перовской -  ул. Дзержинского;<;NULL;NULL;30
32;М11(г) ул. Дзержинского - ул. Софьи Перовской -  Белореченский мкрн.;Белореченский мкрн. - ул. Софьи Перовской -  ул. Дзержинского;<;NULL;NULL;32
35;М11(г) ул. Дзержинского - ул. Софьи Перовской -  Белореченский мкрн.;Белореченский мкрн. - ул. Софьи Перовской -  ул. Дзержинского;<;NULL;NULL;35
38;М11(г) ул. Дзержинского - ул. Софьи Перовской -  Белореченский мкрн.;Белореченский мкрн. - ул. Софьи Перовской -  ул. Дзержинского;<;NULL;NULL;38
39;М11(г) ул. Дзержинского - ул. Софьи Перовской -  Белореченский мкрн.;Белореченский мкрн. - ул. Софьи Перовской -  ул. Дзержинского;<;NULL;NULL;39
40;М11(г) ул. Дзержинского - ул. Софьи Перовской -  Белореченский мкрн.;Белореченский мкрн. - ул. Софьи Перовской -  ул. Дзержинского;<;NULL;NULL;40
41;М11(г) ул. Дзержинского - ул. Софьи Перовской -  Белореченский мкрн.;Белореченский мкрн. - ул. Софьи Перовской -  ул. Дзержинского;<;NULL;NULL;41
2;М11(г) ул. Дзержинского - ул. Софьи Перовской -  Белореченский мкрн.;ул. Дзержинского - ул. Софьи Перовской -  Белореченский мкрн.;>;NULL;NULL;2
3;М11(г) ул. Дзержинского - ул. Софьи Перовской -  Белореченский мкрн.;ул. Дзержинского - ул. Софьи Перовской -  Белореченский мкрн.;>;NULL;NULL;3
7;М11(г) ул. Дзержинского - ул. Софьи Перовской -  Белореченский мкрн.;ул. Дзержинского - ул. Софьи Перовской -  Белореченский мкрн.;>;NULL;NULL;7
10;М11(г) ул. Дзержинского - ул. Софьи Перовской -  Белореченский мкрн.;ул. Дзержинского - ул. Софьи Перовской -  Белореченский мкрн.;>;NULL;NULL;10
11;М11(г) ул. Дзержинского - ул. Софьи Перовской -  Белореченский мкрн.;ул. Дзержинского - ул. Софьи Перовской -  Белореченский мкрн.;>;NULL;NULL;11
13;М11(г) ул. Дзержинского - ул. Софьи Перовской -  Белореченский мкрн.;ул. Дзержинского - ул. Софьи Перовской -  Белореченский мкрн.;>;NULL;NULL;13
14;М11(г) ул. Дзержинского - ул. Софьи Перовской -  Белореченский мкрн.;ул. Дзержинского - ул. Софьи Перовской -  Белореченский мкрн.;>;NULL;NULL;14
15;М11(г) ул. Дзержинского - ул. Софьи Перовской -  Белореченский мкрн.;ул. Дзержинского - ул. Софьи Перовской -  Белореченский мкрн.;>;NULL;NULL;15
17;М11(г) ул. Дзержинского - ул. Софьи Перовской -  Белореченский мкрн.;ул. Дзержинского - ул. Софьи Перовской -  Белореченский мкрн.;>;NULL;NULL;17
18;М11(г) ул. Дзержинского - ул. Софьи Перовской -  Белореченский мкрн.;ул. Дзержинского - ул. Софьи Перовской -  Белореченский мкрн.;>;NULL;NULL;18
19;М11(г) ул. Дзержинского - ул. Софьи Перовской -  Белореченский мкрн.;ул. Дзержинского - ул. Софьи Перовской -  Белореченский мкрн.;>;NULL;NULL;19
21;М11(г) ул. Дзержинского - ул. Софьи Перовской -  Белореченский мкрн.;ул. Дзержинского - ул. Софьи Перовской -  Белореченский мкрн.;>;NULL;NULL;21
23;М11(г) ул. Дзержинского - ул. Софьи Перовской -  Белореченский мкрн.;ул. Дзержинского - ул. Софьи Перовской -  Белореченский мкрн.;>;NULL;NULL;23
24;М11(г) ул. Дзержинского - ул. Софьи Перовской -  Белореченский мкрн.;ул. Дзержинского - ул. Софьи Перовской -  Белореченский мкрн.;>;NULL;NULL;24
26;М11(г) ул. Дзержинского - ул. Софьи Перовской -  Белореченский мкрн.;ул. Дзержинского - ул. Софьи Перовской -  Белореченский мкрн.;>;NULL;NULL;26
30;М11(г) ул. Дзержинского - ул. Софьи Перовской -  Белореченский мкрн.;ул. Дзержинского - ул. Софьи Перовской -  Белореченский мкрн.;>;NULL;NULL;30
32;М11(г) ул. Дзержинского - ул. Софьи Перовской -  Белореченский мкрн.;ул. Дзержинского - ул. Софьи Перовской -  Белореченский мкрн.;>;NULL;NULL;32
34;М11(г) ул. Дзержинского - ул. Софьи Перовской -  Белореченский мкрн.;ул. Дзержинского - ул. Софьи Перовской -  Белореченский мкрн.;>;NULL;NULL;34
37;М11(г) ул. Дзержинского - ул. Софьи Перовской -  Белореченский мкрн.;ул. Дзержинского - ул. Софьи Перовской -  Белореченский мкрн.;>;NULL;NULL;37
3;М12(г) ул. Дзержинского - Белореченский мкрн.;Белореченский мкрн. - ул. Дзержинского;<;NULL;NULL;3
5;М12(г) ул. Дзержинского - Белореченский мкрн.;Белореченский мкрн. - ул. Дзержинского;<;NULL;NULL;5
8;М12(г) ул. Дзержинского - Белореченский мкрн.;Белореченский мкрн. - ул. Дзержинского;<;NULL;NULL;8
10;М12(г) ул. Дзержинского - Белореченский мкрн.;Белореченский мкрн. - ул. Дзержинского;<;NULL;NULL;10
11;М12(г) ул. Дзержинского - Белореченский мкрн.;Белореченский мкрн. - ул. Дзержинского;<;NULL;NULL;11
13;М12(г) ул. Дзержинского - Белореченский мкрн.;Белореченский мкрн. - ул. Дзержинского;<;NULL;NULL;13
18;М12(г) ул. Дзержинского - Белореченский мкрн.;Белореченский мкрн. - ул. Дзержинского;<;NULL;NULL;18
19;М12(г) ул. Дзержинского - Белореченский мкрн.;Белореченский мкрн. - ул. Дзержинского;<;NULL;NULL;19
21;М12(г) ул. Дзержинского - Белореченский мкрн.;Белореченский мкрн. - ул. Дзержинского;<;NULL;NULL;21
23;М12(г) ул. Дзержинского - Белореченский мкрн.;Белореченский мкрн. - ул. Дзержинского;<;NULL;NULL;23
24;М12(г) ул. Дзержинского - Белореченский мкрн.;Белореченский мкрн. - ул. Дзержинского;<;NULL;NULL;24
27;М12(г) ул. Дзержинского - Белореченский мкрн.;Белореченский мкрн. - ул. Дзержинского;<;NULL;NULL;27
28;М12(г) ул. Дзержинского - Белореченский мкрн.;Белореченский мкрн. - ул. Дзержинского;<;NULL;NULL;28
29;М12(г) ул. Дзержинского - Белореченский мкрн.;Белореченский мкрн. - ул. Дзержинского;<;NULL;NULL;29
30;М12(г) ул. Дзержинского - Белореченский мкрн.;Белореченский мкрн. - ул. Дзержинского;<;NULL;NULL;30
31;М12(г) ул. Дзержинского - Белореченский мкрн.;Белореченский мкрн. - ул. Дзержинского;<;NULL;NULL;31
32;М12(г) ул. Дзержинского - Белореченский мкрн.;Белореченский мкрн. - ул. Дзержинского;<;NULL;NULL;32
35;М12(г) ул. Дзержинского - Белореченский мкрн.;Белореченский мкрн. - ул. Дзержинского;<;NULL;NULL;35
38;М12(г) ул. Дзержинского - Белореченский мкрн.;Белореченский мкрн. - ул. Дзержинского;<;NULL;NULL;38
39;М12(г) ул. Дзержинского - Белореченский мкрн.;Белореченский мкрн. - ул. Дзержинского;<;NULL;NULL;39
40;М12(г) ул. Дзержинского - Белореченский мкрн.;Белореченский мкрн. - ул. Дзержинского;<;NULL;NULL;40
41;М12(г) ул. Дзержинского - Белореченский мкрн.;Белореченский мкрн. - ул. Дзержинского;<;NULL;NULL;41
2;М12(г) ул. Дзержинского - Белореченский мкрн.;ул. Дзержинского - Белореченский мкрн.;>;NULL;NULL;2
3;М12(г) ул. Дзержинского - Белореченский мкрн.;ул. Дзержинского - Белореченский мкрн.;>;NULL;NULL;3
7;М12(г) ул. Дзержинского - Белореченский мкрн.;ул. Дзержинского - Белореченский мкрн.;>;NULL;NULL;7
10;М12(г) ул. Дзержинского - Белореченский мкрн.;ул. Дзержинского - Белореченский мкрн.;>;NULL;NULL;10
11;М12(г) ул. Дзержинского - Белореченский мкрн.;ул. Дзержинского - Белореченский мкрн.;>;NULL;NULL;11
12;М12(г) ул. Дзержинского - Белореченский мкрн.;ул. Дзержинского - Белореченский мкрн.;>;NULL;NULL;12
13;М12(г) ул. Дзержинского - Белореченский мкрн.;ул. Дзержинского - Белореченский мкрн.;>;NULL;NULL;13
14;М12(г) ул. Дзержинского - Белореченский мкрн.;ул. Дзержинского - Белореченский мкрн.;>;NULL;NULL;14
16;М12(г) ул. Дзержинского - Белореченский мкрн.;ул. Дзержинского - Белореченский мкрн.;>;NULL;NULL;16
19;М12(г) ул. Дзержинского - Белореченский мкрн.;ул. Дзержинского - Белореченский мкрн.;>;NULL;NULL;19
20;М12(г) ул. Дзержинского - Белореченский мкрн.;ул. Дзержинского - Белореченский мкрн.;>;NULL;NULL;20
23;М12(г) ул. Дзержинского - Белореченский мкрн.;ул. Дзержинского - Белореченский мкрн.;>;NULL;NULL;23
24;М12(г) ул. Дзержинского - Белореченский мкрн.;ул. Дзержинского - Белореченский мкрн.;>;NULL;NULL;24
25;М12(г) ул. Дзержинского - Белореченский мкрн.;ул. Дзержинского - Белореченский мкрн.;>;NULL;NULL;25
30;М12(г) ул. Дзержинского - Белореченский мкрн.;ул. Дзержинского - Белореченский мкрн.;>;NULL;NULL;30
32;М12(г) ул. Дзержинского - Белореченский мкрн.;ул. Дзержинского - Белореченский мкрн.;>;NULL;NULL;32
33;М12(г) ул. Дзержинского - Белореченский мкрн.;ул. Дзержинского - Белореченский мкрн.;>;NULL;NULL;33
36;М12(г) ул. Дзержинского - Белореченский мкрн.;ул. Дзержинского - Белореченский мкрн.;>;NULL;NULL;36
38;М12(г) ул. Дзержинского - Белореченский мкрн.;ул. Дзержинского - Белореченский мкрн.;>;NULL;NULL;38
41;М12(г) ул. Дзержинского - Белореченский мкрн.;ул. Дзержинского - Белореченский мкрн.;>;NULL;NULL;41
1;Н-01 ТК Центральный - Елкибаево;Елкибаево - ТК Центральный;<;Гусарская улица;NULL;1
2;Н-01 ТК Центральный - Елкибаево;Елкибаево - ТК Центральный;<;Микрорайон «Федоровка»;NULL;2
3;Н-01 ТК Центральный - Елкибаево;Елкибаево - ТК Центральный;<;д. Карпово;NULL;3
4;Н-01 ТК Центральный - Елкибаево;Елкибаево - ТК Центральный;<;д. Карпово;NULL;4
15;Н-01 ТК Центральный - Елкибаево;Елкибаево - ТК Центральный;<;Гипермаркет «Лента»;NULL;15
24;Н-01 ТК Центральный - Елкибаево;Елкибаево - ТК Центральный;<;Ул. Октябрьской Революции;NULL;24
5;Н-01 ТК Центральный - Елкибаево;ТК Центральный - Елкибаево;>;Ул. Октябрьской Революции;NULL;5
10;Н-01 ТК Центральный - Елкибаево;ТК Центральный - Елкибаево;>;Гипермаркет «Лента»;NULL;10
16;Н-01 ТК Центральный - Елкибаево;ТК Центральный - Елкибаево;>;д. Карпово;NULL;16
17;Н-01 ТК Центральный - Елкибаево;ТК Центральный - Елкибаево;>;Микрорайон «Федоровка»;NULL;17
18;Н-01 ТК Центральный - Елкибаево;ТК Центральный - Елкибаево;>;Гусарская улица;NULL;18
1;Н-02 Клиника БГМУ - Жилино;Жилино - Клиника БГМУ;<;Степная улица;NULL;1
5;Н-02 Клиника БГМУ - Жилино;Жилино - Клиника БГМУ;<;Ул. Армавирская;NULL;5
25;Н-02 Клиника БГМУ - Жилино;Клиника БГМУ - Жилино;>;Ул. Армавирская;NULL;25
29;Н-02 Клиника БГМУ - Жилино;Клиника БГМУ - Жилино;>;Степная улица;NULL;29
1;Н-03 Ж.д. ст. Дёма-2 - Романовка;Ж.д. ст. Дёма-2 - Романовка;>;Железнодорожная станция Дёма-2;NULL;1
13;Н-03 Ж.д. ст. Дёма-2 - Романовка;Ж.д. ст. Дёма-2 - Романовка;>;Романовка;NULL;13
14;Н-03 Ж.д. ст. Дёма-2 - Романовка;Ж.д. ст. Дёма-2 - Романовка;>;Магазин Оазис;NULL;14
15;Н-03 Ж.д. ст. Дёма-2 - Романовка;Ж.д. ст. Дёма-2 - Романовка;>;ул. Кустарёво;NULL;15
16;Н-03 Ж.д. ст. Дёма-2 - Романовка;Ж.д. ст. Дёма-2 - Романовка;>;ул. Романовка;NULL;16
1;Н-03 Ж.д. ст. Дёма-2 - Романовка;Романовка - ж.д. ст. Дёма-2;<;ул. Романовка;NULL;1
2;Н-03 Ж.д. ст. Дёма-2 - Романовка;Романовка - ж.д. ст. Дёма-2;<;Дом №15;NULL;2
3;Н-03 Ж.д. ст. Дёма-2 - Романовка;Романовка - ж.д. ст. Дёма-2;<;Сады Мечта;NULL;3
4;Н-03 Ж.д. ст. Дёма-2 - Романовка;Романовка - ж.д. ст. Дёма-2;<;Романовка;NULL;4
16;Н-03 Ж.д. ст. Дёма-2 - Романовка;Романовка - ж.д. ст. Дёма-2;<;Железнодорожная станция Дёма-2;NULL;16
16;НП 001 Юг - МЕГА-Уфа;МЕГА-Уфа - Юг;<;Локотки;NULL;16
7;НП 001 Юг - МЕГА-Уфа;Юг - МЕГА-Уфа;>;Локотки;NULL;7
5;НП 003 Юго-Восток - МЕГА-Уфа;МЕГА-Уфа - Юго-Восток;<;Правая Белая;NULL;5
6;НП 003 Юго-Восток - МЕГА-Уфа;МЕГА-Уфа - Юго-Восток;<;Жилино;NULL;6
7;НП 003 Юго-Восток - МЕГА-Уфа;МЕГА-Уфа - Юго-Восток;<;Жилино  (для 125 м-та);NULL;7
21;НП 003 Юго-Восток - МЕГА-Уфа;Юго-Восток - МЕГА-Уфа;>;Жилино  (для 125 м-та);NULL;21
22;НП 003 Юго-Восток - МЕГА-Уфа;Юго-Восток - МЕГА-Уфа;>;Жилино;NULL;22
23;НП 003 Юго-Восток - МЕГА-Уфа;Юго-Восток - МЕГА-Уфа;>;Правая Белая;NULL;23
1;НП 004 Запад - Дёма;Дёма - Запад;<;Железнодорожная станция Дёма-2;NULL;1
7;НП 004 Запад - Дёма;Дёма - Запад;<;Клуб 1 мая;NULL;7
14;НП 004 Запад - Дёма;Дёма - Запад;<;Село Первомайское;NULL;14
11;НП 004 Запад - Дёма;Запад - Дёма;>;Село Первомайское;NULL;11
18;НП 004 Запад - Дёма;Запад - Дёма;>;Клуб 1 мая;NULL;18
23;НП 004 Запад - Дёма;Запад - Дёма;>;Железнодорожная станция Дёма-2;NULL;23
4;НП 006 Восток - Северный автовокзал;Восток - Северный автовокзал;>;ОАО Газсервис;NULL;4
5;НП 006 Восток - Северный автовокзал;Восток - Северный автовокзал;>;Магазин;NULL;5
6;НП 006 Восток - Северный автовокзал;Восток - Северный автовокзал;>;Исправительная колония №3;NULL;6
7;НП 006 Восток - Северный автовокзал;Восток - Северный автовокзал;>;УЗМПИ;NULL;7
54;НП 006 Восток - Северный автовокзал;Северный автовокзал - Восток;<;УЗМПИ;NULL;54
55;НП 006 Восток - Северный автовокзал;Северный автовокзал - Восток;<;Исправительная колония №3;NULL;55
56;НП 006 Восток - Северный автовокзал;Северный автовокзал - Восток;<;Магазин;NULL;56
57;НП 006 Восток - Северный автовокзал;Северный автовокзал - Восток;<;ОАО Газсервис;NULL;57
3;НП 009 Юго-Запад - Южный автовокзал;Юго-Запад - Южный автовокзал;>;Романовка;NULL;3
4;НП 009 Юго-Запад - Южный автовокзал;Юго-Запад - Южный автовокзал;>;Романовка;NULL;4
5;НП 009 Юго-Запад - Южный автовокзал;Юго-Запад - Южный автовокзал;>;д. Мармылево;NULL;5
6;НП 009 Юго-Запад - Южный автовокзал;Юго-Запад - Южный автовокзал;>;Ветошниково;NULL;6
30;НП 009 Юго-Запад - Южный автовокзал;Южный автовокзал - Юго-Запад;<;Ветошниково;NULL;30
31;НП 009 Юго-Запад - Южный автовокзал;Южный автовокзал - Юго-Запад;<;д. Мармылево;NULL;31
32;НП 009 Юго-Запад - Южный автовокзал;Южный автовокзал - Юго-Запад;<;Романовка;NULL;32
33;НП 009 Юго-Запад - Южный автовокзал;Южный автовокзал - Юго-Запад;<;Романовка;NULL;33
