М 109 Кумертау - Тимербаево;56,578;43;<;1hr 18min;1hr 25min
М 109 Кумертау - Тимербаево;56,578;43;>;1hr 18min;1hr 25min
М 110 Кумертау - Михайловка;57,639;43;<;1hr 20min;1hr 29min
М 110 Кумертау - Михайловка;57,639;43;>;1hr 20min;1hr 27min
М 115 Дюртюли - Бирск (переправа);65,732;66,8;<;0hr 59min;1hr 9min
М 115 Дюртюли - Бирск (переправа);65,732;66,8;>;0hr 59min;1hr 10min
М 115 Нефтекамск - Красный Холм;60,51;46;<;1hr 18min;1hr 29min
М 115 Нефтекамск - Красный Холм;60,51;46;>;1hr 18min;1hr 29min
М 118 Кумертау - Мраково;66,537;51,5;<;1hr 17min;1hr 27min
М 118 Кумертау - Мраково;66,537;51,5;>;1hr 17min;1hr 26min
М 122 Сибай - Исяново;64,724;43,4;<;1hr 29min;1hr 35min
М 122 Сибай - Исяново;64,724;43,4;>;1hr 29min;1hr 35min
М 145 Стерлитамак - Белое озеро - Антоновка;55,246;43,5;<;1hr 16min;1hr 27min
М 145 Стерлитамак - Белое озеро - Антоновка;55,246;43,5;>;1hr 16min;1hr 27min
М 149 Стерлитамак - Стерлибашево;59,918;48;<;1hr 14min;1hr 29min
М 149 Стерлитамак - Стерлибашево;59,918;48;>;1hr 14min;1hr 29min
М 170 Стерлитамак - Стерлибашево - Янгурча;75,413;38,7;<;1hr 56min;2hr 14min
М 170 Стерлитамак - Стерлибашево - Янгурча;75,413;38,7;>;1hr 56min;2hr 14min
М 171 Федоровка - Салават;81,662;48,1;<;1hr 41min;1hr 48min
М 171 Федоровка - Салават;81,6;48,1;>;1hr 41min;1hr 48min
М 185 Стерлитамак - Стерлибашево - Булаж;68,984;43;<;1hr 36min;1hr 53min
М 185 Стерлитамак - Стерлибашево - Булаж;68,984;43;>;1hr 36min;1hr 53min
М 190 Стерлитамак - Зилим-Караново;95,298;50,6;<;1hr 53min;2hr 7min
М 190 Стерлитамак - Зилим-Караново;95,298;50,6;>;1hr 53min;2hr 7min
М 201 Стерлитамак - Кабакуш;68,685;56,73;<;1hr 12min;1hr 25min
М 201 Стерлитамак - Кабакуш;68,685;56,73;>;1hr 12min;1hr 25min
М 220 Стерлитамак АВ - Коварды;108,059;52;<;2hr 4min;2hr 20min
М 220 Стерлитамак АВ - Коварды;108,059;52;>;2hr 4min;2hr 19min
М 225 Мелеуз - Мраково;74,705;43,2;<;1hr 43min;1hr 53min
М 225 Мелеуз - Мраково;74,696;43,2;>;1hr 43min;1hr 53min
М 225 Стерлитамак АВ - Юмагузино;66,857;43,2;<;1hr 32min;1hr 44min
М 225 Стерлитамак АВ - Юмагузино;66,857;43,2;>;1hr 32min;1hr 44min
М 229 Мелеуз - Федоровка;60,26;43;<;1hr 24min;1hr 30min
М 229 Мелеуз - Федоровка;60,26;43;>;1hr 24min;1hr 30min
М 240 Стерлитамак АВ - Саитбаба;105,226;60;<;1hr 45min;1hr 59min
М 240 Стерлитамак АВ - Саитбаба;105,226;60;>;1hr 45min;1hr 59min
М 242 Мелеуз - В. Биккузино;66,559;43;<;1hr 32min;1hr 42min
М 242 Мелеуз - В. Биккузино;66,562;43;>;1hr 32min;1hr 42min
М 244 Стерлитамак АВ - Тавричанка;54,892;43,7;<;1hr 15min;1hr 22min
М 244 Стерлитамак АВ - Тавричанка;54,892;43,7;>;1hr 15min;1hr 22min
М 250 Стерлитамак АВ - Красноармейский;64,712;54;<;1hr 11min;1hr 19min
М 250 Стерлитамак АВ - Красноармейский;64,712;54;>;1hr 11min;1hr 19min
М 501 Стерлитамак АВ - Кабакуш - Стерлибашево АС - Николаевка - Стерлитамак;153,857;49,7;>;3hr 5min;3hr 34min
М 503 Федоровка АС - Стерлитамак АВ ч\з Стерлибашево АС;90,365;45,3;<;1hr 59min;2hr 8min
М 503 Федоровка АС - Стерлитамак АВ ч\з Стерлибашево АС;90,365;45,3;>;1hr 59min;2hr 9min
М 510 Стерлитамак АВ - Наумкино - Толбазы АС;55,894;43;<;1hr 17min;1hr 26min
М 510 Стерлитамак АВ - Наумкино - Толбазы АС;55,894;43;>;1hr 17min;1hr 26min
М 533 Уфа (Южный АВ) - Чекмагуш;113,966;45,4;<;2hr 30min;2hr 34min
М 533 Уфа (Южный АВ) - Чекмагуш;113,966;45,4;>;2hr 30min;2hr 34min
М 536 Уфа (Южный АВ) - Дюртюли;129,607;57,4;<;2hr 15min;2hr 19min
М 536 Уфа (Южный АВ) - Дюртюли;129,607;57,4;>;2hr 15min;2hr 19min
М 554 Уфа (Южный АВ) - Красный Холм;185,387;50,9;<;3hr 38min;3hr 42min
М 554 Уфа (Южный АВ) - Красный Холм;185,387;50,9;>;3hr 38min;3hr 42min
М 557 Уфа (Южный АВ) - Мишкино ч/з Зап. развилку;133,009;55,5;<;2hr 23min;2hr 36min
М 557 Уфа (Южный АВ) - Мишкино ч/з Зап. развилку;133,009;55,5;>;2hr 23min;2hr 36min
М 564 Уфа (Южный АВ) - Колтасы;208,139;51,2;<;4hr 3min;4hr 9min
М 564 Уфа (Южный АВ) - Колтасы;208,139;51,2;>;4hr 3min;4hr 9min
М 567 Уфа (Южный АВ) - Аскино ч/з Зап. развилку;216,358;60;<;3hr 36min;3hr 54min
М 567 Уфа (Южный АВ) - Аскино ч/з Зап. развилку;216,322;60;>;3hr 36min;3hr 55min
М 570 К Янаул - Бураево;79,465;65;>;1hr 13min;1hr 15min
М 577 Уфа (Южный АВ) - Караидель ч/з зап. развилку;209,231;60;<;3hr 29min;3hr 47min
М 577 Уфа (Южный АВ) - Караидель ч/з зап. развилку;209,231;60;>;3hr 29min;3hr 47min
М 584 Уфа (Южный АВ) - Янаул ч/з западную развилку;211,01;48,4;<;4hr 21min;4hr 27min
М 584 Уфа (Южный АВ) - Янаул ч/з западную развилку;211,01;48,4;>;4hr 21min;4hr 27min
М 584 Уфа (Южный АВ) - Янаул ч/з Кр. Холм;222,041;50;<;4hr 26min;4hr 33min
М 584 Уфа (Южный АВ) - Янаул ч/з Кр. Холм;222,041;50;>;4hr 26min;4hr 33min
М 586 Уфа (Южный АВ) - Агидель;223,136;56;<;3hr 59min;4hr 5min
М 586 Уфа (Южный АВ) - Агидель;223,136;56;>;3hr 59min;4hr 5min
М 588 Уфа (Южный АВ) - Нефтекамск АВ;219,669;60;<;3hr 39min;3hr 46min
М 588 Уфа (Южный АВ) - Нефтекамск АВ;219,669;60;>;3hr 39min;3hr 46min
М 594 Уфа (Южный АВ) - Бураево ч/з зап. развилку;156,256;60;<;2hr 36min;2hr 46min
М 594 Уфа (Южный АВ) - Бураево ч/з зап. развилку;156,256;60;>;2hr 36min;2hr 46min
М 618 Бакалы - Октябрьский;98,134;55;<;1hr 47min;2hr 5min
М 618 Бакалы - Октябрьский;98,134;55;>;1hr 47min;2hr 5min
М 619 Октябрьский - Белебей;77,779;55;<;1hr 24min;1hr 31min
М 619 Октябрьский - Белебей;77,779;55;>;1hr 24min;1hr 31min
М 621 Октябрьский - Ермекеево;71,732;55;<;1hr 18min;1hr 30min
М 621 Октябрьский - Ермекеево;71,732;55;>;1hr 18min;1hr 30min
М 626 Октябрьский - Нефтекамск;282,006;61,98;<;4hr 32min;4hr 54min
М 626 Октябрьский - Нефтекамск;282,006;61,98;>;4hr 32min;4hr 54min
М 629 Бакалы - Туймазы;75,346;55;<;1hr 22min;1hr 26min
М 629 Бакалы - Туймазы;75,346;55;>;1hr 22min;1hr 26min
М 633 Белебей - Туймазы;65,329;55;<;1hr 11min;1hr 19min
М 633 Белебей - Туймазы;65,329;55;>;1hr 11min;1hr 19min
М 645 Бижбуляк - Белебей;60,202;55;<;1hr 5min;1hr 13min
М 645 Бижбуляк - Белебей;60,202;55;>;1hr 5min;1hr 13min
М 653 Караидель - Бирск;113,182;55;>;2hr 3min;2hr 14min
М 671 Нефтекамск - Бирск;155,658;55;<;2hr 49min;2hr 54min
М 671 Нефтекамск - Бирск;155,658;55;>;2hr 49min;2hr 54min
М 672 Нефтекамск - Бураево;102,16;55;<;1hr 51min;1hr 53min
М 672 Нефтекамск - Бураево;102,16;55;>;1hr 51min;1hr 53min
М 674 Дюртюли - Нефтекамск;90,152;55;<;1hr 38min;1hr 41min
М 674 Дюртюли - Нефтекамск;90,152;55;>;1hr 38min;1hr 41min
М 675 Нефтекамск - В. Татышлы - Ст. Балтачево;158,581;47;<;3hr 22min;3hr 25min
М 675 Нефтекамск - В. Татышлы - Ст. Балтачево;158,581;47;>;3hr 22min;3hr 25min
М 680 Стерлитамак АВ - Стерлибашево Ас - Уч. Асан;106,749;55;<;1hr 56min;2hr 13min
М 680 Стерлитамак АВ - Стерлибашево Ас - Уч. Асан;106,749;55;>;1hr 56min;2hr 13min
М 698 сан. Красноусольск - Салават;100,748;49;<;2hr 3min;2hr 9min
М 698 сан. Красноусольск - Салават;100,748;49;>;2hr 3min;2hr 9min
М 717 Приютово - Октябрьский;112,791;63,86;<;1hr 45min;2hr 0min
М 717 Приютово - Октябрьский;112,811;63,86;>;1hr 45min;1hr 59min
М 717 Приютово - Стерлитамак;192,94;55;<;3hr 30min;3hr 55min
М 717 Приютово - Стерлитамак;192,94;55;>;3hr 30min;3hr 55min
М 744 Октябрьский - Янаул;334,636;55;<;6hr 5min;6hr 11min
М 744 Октябрьский - Янаул;334,636;55;>;6hr 5min;6hr 11min
М 750 А Акъяр - Сибай ч/з Подольск;110,47;47,01;<;2hr 20min;2hr 29min
М 750 А Акъяр - Сибай ч/з Подольск;110,47;47,01;>;2hr 20min;2hr 29min
М 750 С Самарское - Сибай ч/з Подольск;130,951;53;>;2hr 28min;2hr 38min
М 762 Верхнеяркеево - Нефтекамск;133,589;55;<;2hr 25min;2hr 30min
М 762 Верхнеяркеево - Нефтекамск;133,589;55;>;2hr 25min;2hr 30min
М 770 Янаул - Бирск;113,718;55;<;2hr 4min;2hr 5min
М 770 Янаул - Бирск;113,718;55;>;2hr 4min;2hr 5min
М 792 Зилаир - Сибай ч/з Юлдыбаево;117,401;43;<;2hr 43min;2hr 45min
М 792 Зилаир - Сибай ч/з Юлдыбаево;117,401;43;>;2hr 43min;2hr 45min
М 800 К Белебей - Стерлитамак через Киргиз Мияки;207,793;55;<;3hr 46min;4hr 11min
М 800 К Белебей - Стерлитамак через Киргиз Мияки;207,793;55;>;3hr 46min;4hr 11min
М 805 Белорецк - Учалы;109,304;55;<;1hr 59min;2hr 8min
М 805 Белорецк - Учалы;109,304;55;>;1hr 59min;2hr 8min
М 809 Уфа (Южный АВ) - Шаран ч/з Чекмагуш;175,964;60;<;2hr 55min;3hr 14min
М 809 Уфа (Южный АВ) - Шаран ч/з Чекмагуш;175,964;60;>;2hr 55min;3hr 14min
М 822 Октябрьский - Стерлитамак ч/з Туймазы;257,216;55;<;4hr 40min;5hr 3min
М 822 Октябрьский - Стерлитамак ч/з Туймазы;257,216;55;>;4hr 40min;5hr 3min
М 844 Аскарово - Сибай;86,609;45,7;<;1hr 53min;2hr 3min
М 844 Аскарово - Сибай;86,609;45,7;>;1hr 53min;2hr 3min
М 917 Верхнеяркеево - Туймазы;129,52;55;<;2hr 21min;2hr 32min
М 917 Верхнеяркеево - Туймазы;129,52;55;>;2hr 21min;2hr 32min
М 918 Сибай - Стерлитамак;406,531;50;<;8hr 7min;8hr 13min
М 918 Сибай - Стерлитамак;406,531;50;>;8hr 7min;8hr 13min
М 919 Архангельское - Стерлитамак ч/з З. Караново;124,049;55;<;2hr 15min;2hr 18min
М 919 Архангельское - Стерлитамак ч/з З. Караново;124,049;55;>;2hr 15min;2hr 18min
М 924 Аскарово - Белорецк;127,799;55;<;2hr 19min;2hr 34min
М 924 Аскарово - Белорецк;127,799;55;>;2hr 19min;2hr 34min
М 939 Баймак - Акъяр ч/з Юлдыбаево;112,902;55;<;2hr 3min;2hr 15min
М 939 Баймак - Акъяр ч/з Юлдыбаево;112,902;55;>;2hr 3min;2hr 15min
М 968 Караидель - Нефтекамск;272,557;58,8;<;4hr 38min;4hr 45min
М 968 Караидель - Нефтекамск;272,557;58,8;>;4hr 38min;4hr 45min
М Стерлитамак - Стерлибашево ч/з Кабакуш;92,347;49;<;1hr 53min;2hr 6min
М Стерлитамак - Стерлибашево ч/з Кабакуш;92,347;49;>;1hr 53min;2hr 6min
МН Исянгулово - Мраково;69,727;43;<;1hr 37min;1hr 46min
МН Исянгулово - Мраково;69,727;43;>;1hr 37min;1hr 46min
МН Стерлитамак - Киргиз Мияки;97,226;54;<;1hr 48min;1hr 52min
МН Стерлитамак - Киргиз Мияки;97,226;54;>;1hr 48min;1hr 52min
МН Стерлитамак - Мелеуз;78,18;43;<;1hr 49min;1hr 50min
МН Стерлитамак - Мелеуз;78,18;43;>;1hr 49min;1hr 50min
МН Стерлитамак - Раевка;96,383;60;<;1hr 36min;1hr 46min
МН Стерлитамак - Раевка;96,383;60;>;1hr 36min;1hr 45min
П 001 Туймазы - Якшаево;46,025;43;<;1hr 4min;1hr 11min
П 001 Туймазы - Якшаево;46,063;43;>;1hr 4min;1hr 11min
П 002 Туймазы - Октябрьский - Серафимовский;50,13;43;<;1hr 9min;1hr 15min
П 002 Туймазы - Октябрьский - Серафимовский;50,168;43;>;1hr 10min;1hr 16min
П 003 Серафимовский - Октябрьский;28,193;43;<;0hr 39min;0hr 41min
П 003 Серафимовский - Октябрьский;28,193;43;>;0hr 39min;0hr 41min
П 011 Сибай - Старый Сибай;8,411;43;<;0hr 11min;0hr 20min
П 011 Сибай - Старый Сибай;8,411;43;>;0hr 11min;0hr 20min
П 012 Октябрьский - Серафимовский;28,134;43;<;0hr 39min;0hr 41min
П 012 Октябрьский - Серафимовский;28,134;43;>;0hr 39min;0hr 41min
П 101 Белебей - Приютово;28,54;43;<;0hr 39min;0hr 49min
П 101 Белебей - Приютово;28,232;43;>;0hr 39min;0hr 49min
П 101 И Салават - Ишимбай;15,138;56,77;<;0hr 15min;0hr 24min
П 101 И Салават - Ишимбай;14,931;56,77;>;0hr 15min;0hr 24min
П 101 Кумертау - Мелеуз;27,947;43;<;0hr 38min;0hr 40min
П 101 Кумертау - Мелеуз;27,947;43;>;0hr 38min;0hr 40min
П 101 Нефтекамск - Николо-Березовка;8,069;43;<;0hr 11min;0hr 11min
П 101 Нефтекамск - Николо-Березовка;8,069;43;>;0hr 11min;0hr 11min
П 101 Салават АВ - Стерлитамак АВ;31,039;43;<;0hr 43min;0hr 48min
П 101 Салават АВ - Стерлитамак АВ;31,061;43;>;0hr 43min;0hr 48min
П 101 Уфа (ул. Дзержинского) - Аэропорт;29,823;43;<;0hr 41min;1hr 2min
П 101 Уфа (ул. Дзержинского) - Аэропорт;30,914;43;>;0hr 43min;1hr 7min
П 102 Бижбуляк - Приютово;37,763;43;<;0hr 52min;0hr 59min
П 102 Бижбуляк - Приютово;37,991;43;>;0hr 53min;1hr 0min
П 102 Ишимбай - Стерлитамак;29,857;43;<;0hr 41min;0hr 53min
П 102 Ишимбай - Стерлитамак;30,085;43;>;0hr 41min;0hr 53min
П 102 Кумертау - Ермолаево;14,55;43;<;0hr 20min;0hr 22min
П 102 Кумертау - Ермолаево;16,445;43;>;0hr 22min;0hr 24min
П 102 Нефтекамск - Куяново;42,556;43,7;<;0hr 58min;1hr 14min
П 102 Нефтекамск - Куяново;42,556;43,7;>;0hr 58min;1hr 14min
П 102 Салават - Мелеуз;48,092;58,8;<;0hr 49min;0hr 55min
П 102 Салават - Мелеуз;48,092;58,8;>;0hr 49min;0hr 55min
П 102 Янаул - Калтасы;55,463;43;<;1hr 17min;1hr 25min
П 102 Янаул - Калтасы;55,463;43;>;1hr 17min;1hr 25min
П 103 Петровск - Стерлитамак;42,256;46,8;<;0hr 54min;1hr 0min
П 103 Петровск - Стерлитамак;42,254;46,8;>;0hr 54min;1hr 0min
П 103 Уфа (Северный АВ) - Ст.Черкассы;19,987;43;<;0hr 27min;0hr 35min
П 103 Уфа (Северный АВ) - Ст.Черкассы;20,039;43;>;0hr 27min;0hr 35min
П 105 а Нефтекамск - Ст. Буртюк;56,215;50,5;<;1hr 6min;1hr 28min
П 105 а Нефтекамск - Ст. Буртюк;56,215;50,5;>;1hr 6min;1hr 28min
П 105 Кумертау - Кинзебаево;40,818;43;<;0hr 56min;1hr 1min
П 105 Кумертау - Кинзебаево;40,818;43;>;0hr 56min;1hr 1min
П 105 Нефтекамск - Н. Буртюк;53,334;55;<;0hr 58min;1hr 19min
П 105 Нефтекамск - Н. Буртюк;53,334;55;>;0hr 58min;1hr 19min
П 105 Семилетка - В. Яркеево;61,229;43,2;<;1hr 25min;1hr 33min
П 105 Семилетка - В. Яркеево;61,229;43,2;>;1hr 25min;1hr 33min
П 106 м Нефтекамск - Ст.Янзигит;45,419;43;<;1hr 3min;1hr 12min
П 106 м Нефтекамск - Ст.Янзигит;45,419;43;>;1hr 3min;1hr 12min
П 106 Нефтекамск - Н. Янзигит;38,835;43;<;0hr 54min;1hr 2min
П 106 Нефтекамск - Н. Янзигит;35,014;43;>;0hr 48min;0hr 56min
П 106 Нефтекамск - Ст. Янзигит ч/з Ст. Мушта;61,243;45,9;<;1hr 20min;1hr 30min
П 106 Нефтекамск - Ст. Янзигит ч/з Ст. Мушта;61,243;45,9;>;1hr 20min;1hr 30min
П 106 Октябрьский - Туймазы;21,937;43;<;0hr 30min;0hr 38min
П 106 Октябрьский - Туймазы;21,937;43;>;0hr 30min;0hr 34min
П 106 Салават - Сухаревка;17,578;43;<;0hr 24min;0hr 25min
П 106 Салават - Сухаревка;34,949;43;>;0hr 48min;0hr 51min
П 106 Стерлитамак - Мебельный;25,665;43;<;0hr 35min;0hr 39min
П 106 Стерлитамак - Мебельный;25,665;43;>;0hr 35min;0hr 39min
П 107 Баймак - Юлдыбаево;44,871;43;<;1hr 2min;1hr 6min
П 107 Баймак - Юлдыбаево;44,871;43;>;1hr 2min;1hr 6min
П 107 Дюртюли - Базитамак;34,016;47,4;<;0hr 43min;0hr 50min
П 107 Дюртюли - Базитамак;34,016;47,4;>;0hr 43min;0hr 50min
П 107 Уфа (Южный АВ) - Суровка;20,617;43;<;0hr 28min;0hr 32min
П 107 Уфа (Южный АВ) - Суровка;20,71;43;>;0hr 28min;0hr 32min
П 108 Нефтекамск - Ст. Уразаево - с/о Уразаево;13,353;43;<;0hr 18min;0hr 22min
П 108 Нефтекамск - Ст. Уразаево - с/о Уразаево;13,353;43;>;0hr 18min;0hr 22min
П 108 Туймазы - Нижнезаитово;29,542;43;<;0hr 41min;0hr 47min
П 108 Туймазы - Нижнезаитово;29,542;43;>;0hr 41min;0hr 47min
П 109 Белорецк - Миндяк;37,619;43;<;0hr 52min;0hr 55min
П 109 Белорецк - Миндяк;37,619;43;>;0hr 52min;0hr 55min
П 109 Стерлитамак - Наумовка;15,241;43;<;0hr 21min;0hr 22min
П 109 Стерлитамак - Наумовка;15,241;43;>;0hr 21min;0hr 22min
П 109 Стерлитамак - Сады Майские;15,568;43;<;0hr 21min;0hr 30min
П 109 Стерлитамак - Сады Майские;15,568;43;>;0hr 21min;0hr 30min
П 109 Уфа (Южный АВ) - с/х Шемяк;40,277;45,7;<;0hr 52min;1hr 2min
П 109 Уфа (Южный АВ) - с/х Шемяк;40,277;45,7;>;0hr 52min;1hr 2min
П 109 Янаул - Кр. Холм;38,664;43;<;0hr 53min;0hr 59min
П 109 Янаул - Кр. Холм;38,664;43;>;0hr 53min;0hr 59min
П 110 В. Яркеево - Дюртюли;47,007;43;<;1hr 5min;1hr 9min
П 110 В. Яркеево - Дюртюли;47,015;43;>;1hr 5min;1hr 9min
П 110 Нефтекамск - Саузбашево;41,732;43;<;0hr 58min;1hr 3min
П 110 Нефтекамск - Саузбашево;41,732;43;>;0hr 58min;1hr 3min
П 110 Уфа (АЦ ВАЗ) - Аэропорт;40,654;43;<;0hr 56min;1hr 22min
П 110 Уфа (АЦ ВАЗ) - Аэропорт;40,669;43;>;0hr 56min;1hr 23min
П 110 Я Янаул - Чургулды;65,801;43;<;1hr 31min;1hr 43min
П 110 Я Янаул - Чургулды;65,801;43;>;1hr 31min;1hr 43min
П 110 Я Янаул - Шулганово;54,376;43;<;1hr 15min;1hr 27min
П 110 Я Янаул - Шулганово;54,545;43;>;1hr 16min;1hr 26min
П 110-2 Стерлитамак - Сады Аэропорт 2;23,424;43;<;0hr 32min;0hr 35min
П 110-2 Стерлитамак - Сады Аэропорт 2;23,424;43;>;0hr 32min;0hr 35min
П 110С  Уфа (Уфимский Док) - Аэропорт;44,946;43;<;1hr 2min;1hr 50min
П 110С  Уфа (Уфимский Док) - Аэропорт;44,967;43;>;1hr 2min;1hr 51min
П 111 Нефтекамск - Зубовка с/о;14,37;43;<;0hr 20min;0hr 27min
П 111 Нефтекамск - Зубовка с/о;14,37;43;>;0hr 20min;0hr 27min
П 111 Стерлитамак - с/х Рощинский;17,397;43;<;0hr 24min;0hr 33min
П 111 Стерлитамак - с/х Рощинский;17,397;43;>;0hr 24min;0hr 33min
П 111 Стерлитамак (пр. Ленина) - с/х Рощинский;14,999;43;<;0hr 20min;0hr 26min
П 111 Стерлитамак (пр. Ленина) - с/х Рощинский;14,936;43;>;0hr 20min;0hr 26min
П 111 Стерлитамак (Хим. завод) - с/х Рощинский;10,676;54,94;<;0hr 11min;0hr 14min
П 111 Стерлитамак (Хим. завод) - с/х Рощинский;10,7;54,94;>;0hr 11min;0hr 14min
П 111к Уфа (Южный АВ) - Сады Факел;41,34;50,34;<;0hr 49min;0hr 55min
П 111к Уфа (Южный АВ) - Сады Факел;41,11;50,34;>;0hr 48min;0hr 54min
П 112 а Стерлитамак - Сады Урняк  Кожевник;27,027;46,5;<;0hr 34min;0hr 39min
П 112 а Стерлитамак - Сады Урняк  Кожевник;27,027;46,5;>;0hr 34min;0hr 39min
П 112 Нефтекамск - Кармановская ГРЭС;31,241;43;<;0hr 43min;0hr 51min
П 112 Нефтекамск - Кармановская ГРЭС;31,241;43;>;0hr 43min;0hr 51min
П 112 Сибай - Туяляс (не с АВ);19,854;43;<;0hr 27min;0hr 28min
П 112 Сибай - Туяляс (не с АВ);19,898;43;>;0hr 27min;0hr 28min
П 112 Стерлитамак - Сады Урняк Цветаевка;19,702;35;<;0hr 33min;0hr 36min
П 112 Стерлитамак - Сады Урняк Цветаевка;19,242;35;>;0hr 32min;0hr 35min
П 112 Э Нефтекамск - Карманово;27,744;50,5;<;0hr 32min;0hr 39min
П 112 Э Нефтекамск - Карманово;27,744;50,5;>;0hr 32min;0hr 39min
П 113 Нефтекамск - Калтасы;43,578;43;<;1hr 0min;1hr 7min
П 113 Нефтекамск - Калтасы;43,578;43;>;1hr 0min;1hr 7min
П 113 Октябрьский - Шахово;40,431;43;<;0hr 56min;1hr 1min
П 113 Октябрьский - Шахово;40,431;43;>;0hr 56min;1hr 1min
П 113 Сибай - Баймак;37,145;43;<;0hr 51min;0hr 54min
П 113 Сибай - Баймак;37,145;43;>;0hr 51min;0hr 54min
П 113 Стерлитамак АВ - Талачево;19,239;45;<;0hr 25min;0hr 27min
П 113 Стерлитамак АВ - Талачево;19,239;45;>;0hr 25min;0hr 27min
П 113 Уфа (Южный АВ) - Кумлекулево;37,501;43;<;0hr 52min;0hr 59min
П 113 Уфа (Южный АВ) - Кумлекулево;37,501;43;>;0hr 52min;0hr 59min
П 113К Уфа (Южный АВ) - Сады Бачурино;29,69;43;<;0hr 41min;0hr 46min
П 113К Уфа (Южный АВ) - Сады Бачурино;29,46;43;>;0hr 41min;0hr 46min
П 114 Нефтекамск - Янаул;50,09;43;<;1hr 9min;1hr 19min
П 114 Нефтекамск - Янаул;50,09;43;>;1hr 9min;1hr 19min
П 114 Сибай - Кусеево;39,572;43;<;0hr 55min;0hr 59min
П 114 Сибай - Кусеево;39,572;43;>;0hr 55min;0hr 59min
П 115 Сибай - Карамалы;46,334;43;<;1hr 4min;1hr 10min
П 115 Сибай - Карамалы;46,334;43;>;1hr 4min;1hr 10min
П 115 Стерлитамак - Семенкино;24,984;34;<;0hr 44min;0hr 49min
П 115 Стерлитамак - Семенкино;24,984;34;>;0hr 44min;0hr 49min
П 116 Бирск - Изимарино;34,247;45,4;<;0hr 45min;0hr 50min
П 116 Бирск - Изимарино;34,247;45,4;>;0hr 45min;0hr 50min
П 116 Бирск - Тымбаево;34,247;44,8;<;0hr 45min;0hr 50min
П 116 Бирск - Тымбаево;28,875;44,8;>;0hr 38min;0hr 42min
П 116 Кутлугуза - Стерлитамак;56,111;43;<;1hr 18min;1hr 24min
П 116 Кутлугуза - Стерлитамак;56,111;43;>;1hr 18min;1hr 24min
П 116 Нефтекамск - Амзя;21,131;37;<;0hr 34min;0hr 39min
П 116 Нефтекамск - Амзя;21,131;37;>;0hr 34min;0hr 39min
П 116 Салават Автовокзал - Сады Сухайла;17,978;34;<;0hr 31min;0hr 34min
П 116 Салават Автовокзал - Сады Сухайла;18,012;34;>;0hr 31min;0hr 34min
П 116 Стерлитамак АВ - Месели - Манеево;36,395;43;<;0hr 50min;0hr 59min
П 116 Стерлитамак АВ - Месели - Манеево;36,395;43;>;0hr 50min;0hr 58min
П 116-2 Нефтекамск - Амзя - 9 км;31,056;43;<;0hr 43min;0hr 49min
П 116-2 Нефтекамск - Амзя - 9 км;31,056;43;>;0hr 43min;0hr 49min
П 117 Белебей - Суккулово;37,235;43;<;0hr 51min;1hr 0min
П 117 Белебей - Суккулово;37,235;43;>;0hr 51min;1hr 0min
П 117 к Уфа (Южный АВ) - Первушино;41,868;49,3;<;0hr 50min;0hr 59min
П 117 к Уфа (Южный АВ) - Первушино;41,873;49,3;>;0hr 50min;0hr 59min
П 117 Сибай - Туркменово;26,679;43;<;0hr 37min;0hr 40min
П 117 Сибай - Туркменово;26,679;43;>;0hr 37min;0hr 40min
П 117 Стерлитамак - Шеверли;53,079;63,6;<;0hr 50min;0hr 59min
П 117 Стерлитамак - Шеверли;53,079;63,6;>;0hr 50min;0hr 59min
П 118 Ермекеево - Белебей;33,406;37,8;<;0hr 53min;1hr 0min
П 118 Ермекеево - Белебей;33,406;37,8;>;0hr 53min;1hr 0min
П 118 Янаул - Кармановская ГРЭС;41,776;43;<;0hr 58min;1hr 7min
П 118 Янаул - Кармановская ГРЭС;41,776;43;>;0hr 58min;1hr 7min
П 119 Стерлитамак - Янгискаин;42,134;43;<;0hr 58min;1hr 5min
П 119 Стерлитамак - Янгискаин;42,142;43;>;0hr 58min;1hr 5min
П 119 т Стерлитамак АВ - Янгискаин;52,796;43;<;1hr 13min;1hr 20min
П 119 т Стерлитамак АВ - Янгискаин;52,796;43;>;1hr 13min;1hr 20min
П 119 Шаран - Туймазы;34,025;44,9;<;0hr 45min;0hr 50min
П 119 Шаран - Туймазы;34,025;44,9;>;0hr 45min;0hr 50min
П 120 Агидель - Нефтекамск;38,584;50,33;<;0hr 45min;0hr 54min
П 120 Агидель - Нефтекамск;38,584;50,33;>;0hr 45min;0hr 54min
П 120 Бирск - Мишкино;36,385;48,3;<;0hr 45min;0hr 50min
П 120 Бирск - Мишкино;36,385;48,3;>;0hr 45min;0hr 50min
П 121 Нефтекамск - Калегино;31,33;43;<;0hr 43min;0hr 46min
П 121 Нефтекамск - Калегино;31,33;43;>;0hr 43min;0hr 46min
П 122 Стерлитамак - Кармаскалы;15,528;49,6;<;0hr 18min;0hr 19min
П 122 Стерлитамак - Кармаскалы;15,528;49,6;>;0hr 18min;0hr 19min
П 123 Бирск - Каргино;27,714;47,7;<;0hr 34min;0hr 39min
П 123 Бирск - Каргино;27,714;47,7;>;0hr 34min;0hr 39min
П 123 ф Нордовка - Салават;38,791;47;<;0hr 49min;0hr 51min
П 123 ф Нордовка - Салават;38,791;47;>;0hr 49min;0hr 51min
П 124 а Нордовка - Федоровка;31,062;48,7;<;0hr 38min;0hr 41min
П 124 а Нордовка - Федоровка;31,062;48,7;>;0hr 38min;0hr 41min
П 124 ф Федоровка - Нордовка;41,069;43;<;0hr 57min;1hr 2min
П 124 ф Федоровка - Нордовка;41,069;43;>;0hr 57min;1hr 2min
П 125 Стерлитамак - Сады Ильмень;9,315;25;<;0hr 22min;0hr 23min
П 125 Стерлитамак - Сады Ильмень;9,315;25;>;0hr 22min;0hr 23min
П 125 Стерлитамак (Кол. Рынок) - Сады Ильмень;4,303;43;>;0hr 6min;0hr 6min
П 126 Стерлитамак - Сады Веселое;26,478;43;<;0hr 36min;0hr 41min
П 126 Стерлитамак - Сады Веселое;26,451;43;>;0hr 36min;0hr 41min
П 127 Нордовка - Б. Четырман;21,449;58,5;<;0hr 21min;0hr 23min
П 127 Нордовка - Б. Четырман;21,449;58,5;>;0hr 21min;0hr 23min
П 128 Месягутово - Шарипово;64,736;43,1;<;1hr 30min;1hr 38min
П 128 Месягутово - Шарипово;65,492;43,1;>;1hr 31min;1hr 39min
П 128 Уфа (Северный АВ) - Карашиды;26,224;30;<;0hr 52min;0hr 55min
П 128 Уфа (Северный АВ) - Карашиды;26,275;30;>;0hr 52min;0hr 55min
П 130 Б. Четырман - Мелеуз;36,903;43;<;0hr 51min;0hr 52min
П 130 Б. Четырман - Мелеуз;36,903;43;>;0hr 51min;0hr 52min
П 131 Нефтекамск - ст. Мушта;43,338;35,6;<;1hr 13min;1hr 15min
П 131 Нефтекамск - ст. Мушта;43,338;35,6;>;1hr 13min;1hr 15min
П 132 Белебей - М. Москва;42,665;43;<;0hr 59min;1hr 4min
П 132 Белебей - М. Москва;42,665;43;>;0hr 59min;1hr 4min
П 132 Нефтекамск - Карякино;9,224;43;<;0hr 12min;0hr 12min
П 132 Нефтекамск - Карякино;9,224;43;>;0hr 12min;0hr 12min
П 132 Стерлитамак - Заливное;12,099;43;<;0hr 16min;0hr 18min
П 132 Стерлитамак - Заливное;12,097;43;>;0hr 16min;0hr 18min
П 132 Стерлитамак - Сады Сосновка;16,055;43;<;0hr 22min;0hr 27min
П 132 Стерлитамак - Сады Сосновка;16,055;43;>;0hr 22min;0hr 27min
П 134 Стерлитамак - Сады Мирный;8,41;43;<;0hr 11min;0hr 15min
П 134 Стерлитамак - Сады Мирный;8,251;43;>;0hr 11min;0hr 11min
П 139 Уфа (Северный АВ) - Тикеево;59,264;43;<;1hr 22min;1hr 40min
П 139 Уфа (Северный АВ) - Тикеево;60,29;43;>;1hr 24min;1hr 42min
П 146 Семилетка - Чекмагуш;32,871;43;<;0hr 45min;0hr 48min
П 146 Семилетка - Чекмагуш;32,898;43;>;0hr 45min;0hr 48min
П 149 Месягутово - В.Киги;30,04;43;<;0hr 41min;0hr 43min
П 149 Месягутово - В.Киги;30,04;43;>;0hr 41min;0hr 43min
П 154 Стерлитамак - Утяково;53,202;43;<;1hr 14min;1hr 20min
П 154 Стерлитамак - Утяково;53,244;43;>;1hr 14min;1hr 20min
П 156 Уфа (Южный АВ) - Сады Каряка;47,43;43;<;1hr 6min;1hr 15min
П 156 Уфа (Южный АВ) - Сады Каряка;47,43;43;>;1hr 6min;1hr 15min
П 157 а Стерлитамак - Ранний Рассвет;23,296;43;<;0hr 32min;0hr 32min
П 157 а Стерлитамак - Ранний Рассвет;23,296;43;>;0hr 32min;0hr 32min
П 157 Стерлитамак - Сады Ясное;14,987;43;<;0hr 20min;0hr 23min
П 157 Стерлитамак - Сады Ясное;14,987;43;>;0hr 20min;0hr 23min
П 157-2 Стерлитамак - Сады Ясное 2;16,258;43;<;0hr 22min;0hr 26min
П 157-2 Стерлитамак - Сады Ясное 2;16,258;43;>;0hr 22min;0hr 26min
П 157-б Стерлитамак - Сады Каучук 5/3;12,495;27,8;<;0hr 26min;0hr 29min
П 157-б Стерлитамак - Сады Каучук 5/3;12,495;27,8;>;0hr 26min;0hr 29min
П 158 Стерлитамак - Сады Строитель 3;6,841;21,61;<;0hr 18min;0hr 19min
П 158 Стерлитамак - Сады Строитель 3;6,841;21,61;>;0hr 18min;0hr 19min
П 159 Стерлитамак - Сады Подлесное;22,822;23,68;<;0hr 57min;0hr 59min
П 159 Стерлитамак - Сады Подлесное;22,89;23,68;>;0hr 57min;0hr 59min
П 162 Стерлитамак - Сады Рощинский;18,01;43;<;0hr 25min;0hr 29min
П 162 Стерлитамак - Сады Рощинский;18,01;43;>;0hr 25min;0hr 29min
П 165 Баймак - Уфимский (Уфимка);47,828;43;<;1hr 6min;1hr 10min
П 165 Баймак - Уфимский (Уфимка);47,828;43;>;1hr 6min;1hr 10min
П 202 с Чекмагуш - Дюртюли ч/з Султанбеково;54,577;43;<;1hr 16min;1hr 21min
П 202 с Чекмагуш - Дюртюли ч/з Султанбеково;54,577;43;>;1hr 16min;1hr 21min
П 202 Чекмагуш - Дюртюли;54,577;43;<;1hr 16min;1hr 21min
П 202 Чекмагуш - Дюртюли;54,577;43;>;1hr 16min;1hr 21min
П 205 Стерлитамак АВ - Мраково;41,124;47,4;<;0hr 52min;1hr 0min
П 205 Стерлитамак АВ - Мраково;41,124;47,4;>;0hr 52min;1hr 0min
П 210 Стерлитамак АВ - д. Северная;36,75;43;<;0hr 51min;0hr 57min
П 210 Стерлитамак АВ - д. Северная;36,75;43;>;0hr 51min;0hr 57min
П 241 Мелеуз - Юмагузино;49,645;45,8;<;1hr 5min;1hr 13min
П 241 Мелеуз - Юмагузино;49,645;45,8;>;1hr 5min;1hr 13min
П 258 Уфа (Южный АВ) - Кушнаренково;65,424;43;<;1hr 31min;1hr 42min
П 258 Уфа (Южный АВ) - Кушнаренково;65,424;43;>;1hr 31min;1hr 42min
П 281 Стерлитамак - Золотоношка;49,253;43;<;1hr 8min;1hr 15min
П 281 Стерлитамак - Золотоношка;49,253;43;>;1hr 8min;1hr 14min
П 282 Стерлитамак АВ - пос. Красноусольский;68,243;58;<;1hr 10min;1hr 21min
П 282 Стерлитамак АВ - пос. Красноусольский;68,27;58;>;1hr 10min;1hr 21min
П 282 Стерлитамак АВ - сан. Красноусольский;74,893;52,1;<;1hr 26min;1hr 38min
П 282 Стерлитамак АВ - сан. Красноусольский;74,92;52,1;>;1hr 26min;1hr 39min
П 290 Стерлитамак - Наумкино;37,759;43;<;0hr 52min;0hr 58min
П 290 Стерлитамак - Наумкино;37,759;43;>;0hr 52min;0hr 58min
П 298 Стерлитамак - Максимовка - Алга;59,094;45,78;<;1hr 17min;1hr 25min
П 298 Стерлитамак - Максимовка - Алга;59,094;45,78;>;1hr 17min;1hr 25min
П 500 Стерлитамак АВ - Салихово ч/з Канакаево;40,916;43;<;0hr 57min;1hr 1min
П 500 Стерлитамак АВ - Салихово ч/з Канакаево;40,916;43;>;0hr 57min;1hr 1min
Персп 245 Мелеуз - Юрматы;28,922;43;<;0hr 40min;0hr 43min
Персп 245 Мелеуз - Юрматы;28,922;43;>;0hr 40min;0hr 43min
Персп 2М 164 Уфа (Мега) - Языково;73,06;47;<;1hr 33min;1hr 35min
Персп 2М 164 Уфа (Мега) - Языково;73,06;47;>;1hr 33min;1hr 35min
Персп 2М 530 Р Уфа (Мега) - Белебей ч/з Раевку;198,692;53,6;<;3hr 42min;3hr 58min
Персп 2М 530 Р Уфа (Мега) - Белебей ч/з Раевку;198,692;53,6;>;3hr 42min;3hr 58min
Персп 2М 530 Уфа (Мега) - Белебей;193,169;55,9;<;3hr 27min;3hr 32min
Персп 2М 530 Уфа (Мега) - Белебей;193,176;55,9;>;3hr 27min;3hr 32min
Персп 2М 531 Уфа (Мега) - Стерлитамак;124,921;60,6;<;2hr 3min;2hr 12min
Персп 2М 531 Уфа (Мега) - Стерлитамак;124,921;60,6;>;2hr 3min;2hr 12min
Персп 2М 534 Уфа (Северный АВ) - Бирск ч/з Благовещенск;89,887;46,1;<;1hr 56min;1hr 59min
Персп 2М 534 Уфа (Северный АВ) - Бирск ч/з Благовещенск;89,887;46,1;>;1hr 56min;1hr 59min
Персп 2М 547 Уфа (Северный АВ) - В. Татышлы;223,181;47,1;<;4hr 44min;4hr 50min
Персп 2М 547 Уфа (Северный АВ) - В. Татышлы;223,181;47,1;>;4hr 44min;4hr 50min
Персп 2М 551 Уфа (Мега) - Салават;161,056;57,18;<;2hr 48min;2hr 54min
Персп 2М 551 Уфа (Мега) - Салават;161,131;57,18;>;2hr 49min;2hr 55min
Персп 2М 552 С Уфа (Мега) - сан. Красноусольск;141,638;55;<;2hr 34min;2hr 37min
Персп 2М 552 С Уфа (Мега) - сан. Красноусольск;141,638;55;>;2hr 34min;2hr 37min
Персп 2М 552 Уфа (Мега) - Красноусольск;129,959;55;<;2hr 21min;2hr 22min
Персп 2М 552 Уфа (Мега) - Красноусольск;129,959;55;>;2hr 21min;2hr 22min
Персп 2М 560 Уфа (Мега) - Бижбуляк ч/з Аксеново;198,81;57,2;<;3hr 28min;3hr 39min
Персп 2М 560 Уфа (Мега) - Бижбуляк ч/з Аксеново;198,81;57,2;>;3hr 28min;3hr 39min
Персп 2М 567 Уфа (Северный АВ) - Аскино ч/з Благовещенск;209,373;45,7;<;4hr 34min;4hr 39min
Персп 2М 567 Уфа (Северный АВ) - Аскино ч/з Благовещенск;209,373;45,7;>;4hr 34min;4hr 39min
Персп 2М 571 Уфа (Мега) - Федоровка;212,282;58,7;<;3hr 36min;3hr 47min
Персп 2М 571 Уфа (Мега) - Федоровка;212,282;58,7;>;3hr 36min;3hr 47min
Персп 2М 572 Уфа (Мега) - Н. Киешки ч/з Кармаскалы, Прибельский;81,186;47,8;<;1hr 41min;1hr 48min
Персп 2М 572 Уфа (Мега) - Н. Киешки ч/з Кармаскалы, Прибельский;81,186;47,8;>;1hr 41min;1hr 48min
Персп 2М 577 Уфа (Северный АВ) - Караидель ч/з Благовещенск;202,732;49,9;<;4hr 3min;4hr 23min
Персп 2М 577 Уфа (Северный АВ) - Караидель ч/з Благовещенск;202,732;49,9;>;4hr 3min;4hr 23min
Персп 2М 578 Уфа (Мега) - Акъяр;532,988;59,5;<;8hr 57min;9hr 28min
Персп 2М 578 Уфа (Мега) - Акъяр;532,988;59,5;>;8hr 57min;9hr 28min
Персп 2М 581 Уфа (Мега) -  Мелеуз;205,154;55,2;<;3hr 42min;3hr 49min
Персп 2М 581 Уфа (Мега) -  Мелеуз;205,154;55,2;>;3hr 42min;3hr 49min
Персп 2М 582 Уфа (Мега) - Архангельское ч/з Булгаково;89,302;53,2;<;1hr 40min;1hr 43min
Персп 2М 582 Уфа (Мега) - Архангельское ч/з Булгаково;89,302;53,2;>;1hr 40min;1hr 43min
Персп 2М 590 Уфа (Мега) - Туймазы;167,146;60;<;2hr 47min;2hr 59min
Персп 2М 590 Уфа (Мега) - Туймазы;167,146;60;>;2hr 47min;2hr 59min
Персп 2М 591 Уфа (Мега) - Кумертау;236,443;57;<;4hr 8min;4hr 17min
Персп 2М 591 Уфа (Мега) - Кумертау;236,443;57;>;4hr 8min;4hr 17min
Персп 2М 591 Уфа (Мега) - Туймазы ч/з Кандры;171,521;60;<;2hr 51min;3hr 3min
Персп 2М 591 Уфа (Мега) - Туймазы ч/з Кандры;171,521;60;>;2hr 51min;3hr 3min
Персп 2М 592 Уфа (Мега) - Валентиновка;108,342;60;<;1hr 48min;1hr 52min
Персп 2М 592 Уфа (Мега) - Валентиновка;108,342;60;>;1hr 48min;1hr 52min
Персп 2М 593 Уфа (Мега) - Белорецк;258,017;60;<;4hr 18min;4hr 36min
Персп 2М 593 Уфа (Мега) - Белорецк;258,017;60;>;4hr 18min;4hr 36min
Персп 2М 600 С Уфа (Мега) - Октябрьский через Серафимовский;179,525;60;>;2hr 59min;3hr 12min
Персп 2М 600 Т Уфа (Мега) - Октябрьский через Туймазы;189,35;60;<;3hr 9min;3hr 15min
Персп 2М 600 Т Уфа (Мега) - Октябрьский через Туймазы;189,35;60;>;3hr 9min;3hr 15min
Персп 2М 600 Э Уфа (Мега) - Октябрьский экспресс;179,658;60;<;2hr 59min;3hr 4min
Персп 2М 600 Э Уфа (Мега) - Октябрьский экспресс;179,658;60;>;2hr 59min;3hr 4min
Персп 2М 601 Уфа (Мега) - Мраково;272,169;53;<;5hr 8min;5hr 22min
Персп 2М 601 Уфа (Мега) - Мраково;272,169;53;>;5hr 8min;5hr 22min
Персп 2М 604 Уфа (Мега) - Архангельское ч/з Кабаково;83,166;53;<;1hr 34min;1hr 40min
Персп 2М 604 Уфа (Мега) - Архангельское ч/з Кабаково;83,166;53;>;1hr 34min;1hr 40min
Персп 2М 611 Уфа (Мега) - Исянгулово;348,675;57;<;6hr 7min;6hr 28min
Персп 2М 611 Уфа (Мега) - Исянгулово;348,675;57;>;6hr 7min;6hr 28min
Персп 2М 737 Уфа (Мега) - Кандры;132,595;60;<;2hr 12min;2hr 15min
Персп 2М 737 Уфа (Мега) - Кандры;132,595;60;>;2hr 12min;2hr 15min
Персп 2М 741 Уфа (Мега) - Саит-Баба;139,243;51;<;2hr 43min;2hr 58min
Персп 2М 741 Уфа (Мега) - Саит-Баба;139,243;51;>;2hr 43min;2hr 58min
Персп 2М 798 Уфа (Мега) - Сибай;430,997;41;<;10hr 30min;10hr 36min
Персп 2М 798 Уфа (Мега) - Сибай;430,997;41;>;10hr 30min;10hr 36min
Персп 2М 828 Белорецк - Стерлитамак;300,458;51,9;<;5hr 47min;6hr 5min
Персп 2М 828 Белорецк - Стерлитамак;300,458;51,9;>;5hr 47min;6hr 5min
Персп 2М Белорецк - Кага - Стерлитамак;231,231;55;<;4hr 12min;4hr 22min
Персп 2М Белорецк - Кага - Стерлитамак;231,231;55;>;4hr 12min;4hr 22min
Персп 2М Месягутово - Караидель;111,711;65;<;1hr 43min;1hr 49min
Персп 2М Месягутово - Караидель;111,711;65;>;1hr 43min;1hr 49min
Персп 2М Салават - Амирово;69,833;55;<;1hr 16min;1hr 24min
Персп 2М Салават - Амирово;69,833;55;>;1hr 16min;1hr 24min
Персп 2М Салават - Киргиз Мияки;118,786;45;<;2hr 38min;2hr 49min
Персп 2М Салават - Киргиз Мияки;118,786;45;>;2hr 38min;2hr 49min
Персп 2М Салават - Стерлибашево;76,438;41;<;1hr 51min;1hr 59min
Персп 2М Салават - Стерлибашево;76,438;41;>;1hr 51min;1hr 59min
Персп 2М Стерлитамак - Кага - Аскарово;217,809;60;<;3hr 37min;3hr 44min
Персп 2М Стерлитамак - Кага - Аскарово;217,809;60;>;3hr 37min;3hr 44min
Персп 2М Стерлитамак - Кага - Старосубхангулово;208,673;60;<;3hr 28min;3hr 38min
Персп 2М Стерлитамак - Кага - Старосубхангулово;208,673;60;>;3hr 28min;3hr 38min
Персп 2М Уфа (Мега) - Буздяк;109,674;51,2;<;2hr 8min;2hr 11min
Персп 2М Уфа (Мега) - Буздяк;109,674;51,2;>;2hr 8min;2hr 11min
Персп 2М Уфа (Мега) - В.Яркеево;151,42;56,43;<;2hr 40min;2hr 44min
Персп 2М Уфа (Мега) - В.Яркеево;151,42;56,43;>;2hr 40min;2hr 44min
Персп 2М Уфа (Мега) - Давлеканово;101,634;60;<;1hr 41min;1hr 44min
Персп 2М Уфа (Мега) - Давлеканово;101,634;60;>;1hr 41min;1hr 44min
Персп 2М Уфа (Мега) - Ишимбай;152,692;60;<;2hr 32min;2hr 37min
Персп 2М Уфа (Мега) - Ишимбай;152,692;60;>;2hr 32min;2hr 37min
Персп 2М Уфа (Мега) - Киргиз Мияки;189,312;60;<;3hr 9min;3hr 11min
Персп 2М Уфа (Мега) - Киргиз Мияки;189,312;60;>;3hr 9min;3hr 11min
Персп 2М Уфа (Мега) - Приютово;220,134;60;<;3hr 40min;3hr 46min
Персп 2М Уфа (Мега) - Приютово;220,134;60;>;3hr 40min;3hr 46min
Персп 2М Уфа (Мега) - Раевка;120,445;64,3;<;1hr 52min;1hr 55min
Персп 2М Уфа (Мега) - Раевка;120,445;64,3;>;1hr 52min;1hr 55min
Персп 2М Уфа (Мега) - Янышево;82,468;55;<;1hr 29min;1hr 32min
Персп 2М Уфа (Мега) - Янышево;82,468;55;>;1hr 29min;1hr 32min
Персп 2М Уфа (Северный АВ) - Красная Горка - Павловка;114,432;60;<;1hr 54min;1hr 58min
Персп 2М Уфа (Северный АВ) - Красная Горка - Павловка;114,432;60;>;1hr 54min;1hr 58min
Персп 2М Уфа (Южный АВ) - Бакалы;173,469;60;<;2hr 53min;2hr 57min
Персп 2М Уфа (Южный АВ) - Бакалы;173,469;60;>;2hr 53min;2hr 57min
Персп 2П 101 Уфа (Мега) - Булгаково;36,146;53,7;<;0hr 40min;0hr 52min
Персп 2П 101 Уфа (Мега) - Булгаково;30,628;53,7;>;0hr 34min;0hr 45min
Персп 2П 104 с Уфа (Северный АВ) - Благовещенск;35,312;51,7;<;0hr 40min;0hr 59min
Персп 2П 104 с Уфа (Северный АВ) - Благовещенск;35,312;51,7;>;0hr 40min;0hr 59min
Персп 2П 105 Уфа (Сев АВ) - В. Изяк;43,056;43;<;1hr 0min;1hr 10min
Персп 2П 105 Уфа (Сев АВ) - В. Изяк;43,056;43;>;1hr 0min;1hr 10min
Персп 2П 108 Д Уфа (Южный АВ) - Дмитриевка;16,063;48,4;<;0hr 19min;0hr 31min
Персп 2П 108 Д Уфа (Южный АВ) - Дмитриевка;16,041;48,4;>;0hr 19min;0hr 32min
Персп 2П 108 Уфа (Южный АВ) - Лесхоз;20,157;43;<;0hr 28min;0hr 43min
Персп 2П 108 Уфа (Южный АВ) - Лесхоз;20,18;43;>;0hr 28min;0hr 40min
Персп 2П 111 Стерлитамак (Кол.рынок) - с/х Рощинский;17,87695;43;<;0hr 24min;0hr 30min
Персп 2П 111 Стерлитамак (Кол.рынок) - с/х Рощинский;17,87273;43;>;0hr 24min;0hr 30min
Персп 2П 111 Уфа (Южный АВ) - Кармасан;49,993;43;<;1hr 9min;1hr 18min
Персп 2П 111 Уфа (Южный АВ) - Кармасан;49,99;43;>;1hr 9min;1hr 18min
Персп 2П 112 Уфа (Южный АВ) - Миловка;13,845;43;<;0hr 19min;0hr 31min
Персп 2П 112 Уфа (Южный АВ) - Миловка;13,868;43;>;0hr 19min;0hr 31min
Персп 2П 114 Уфа (Дема) - сан. Юматово;20,207;52;<;0hr 23min;0hr 36min
Персп 2П 114 Уфа (Дема) - сан. Юматово;20,207;52;>;0hr 23min;0hr 37min
Персп 2П 114а Уфа (Дема) - д. Новомихайловка;29,639;52;<;0hr 34min;0hr 50min
Персп 2П 114а Уфа (Дема) - д. Новомихайловка;29,639;52;>;0hr 34min;0hr 51min
Персп 2П 115 Уфа (Южный АВ) - Алексеевка;14,418;43;<;0hr 20min;0hr 30min
Персп 2П 115 Уфа (Южный АВ) - Алексеевка;14,478;43;>;0hr 20min;0hr 30min
Персп 2П 119 Уфа (Мега) - д. Старые Киешки;24,58;49,2;<;0hr 29min;0hr 37min
Персп 2П 119 Уфа (Мега) - д. Старые Киешки;30,037;49,2;>;0hr 36min;0hr 43min
Персп 2П 120 к Уфа (Мега) - Сады УАИ;40,849;45;<;0hr 54min;1hr 9min
Персп 2П 120 к Уфа (Мега) - Сады УАИ;35,638;45;>;0hr 47min;1hr 0min
Персп 2П 120 Уфа (Мега) - Мусино;44,167;51,2;<;0hr 51min;1hr 6min
Персп 2П 120 Уфа (Мега) - Мусино;38,899;51,2;>;0hr 45min;0hr 59min
Персп 2П 120к Уфа (Мега) - Деревня Новомусино;44,07;47,8;<;0hr 55min;1hr 13min
Персп 2П 120к Уфа (Мега) - Деревня Новомусино;38,613;47,8;>;0hr 48min;1hr 4min
Персп 2П 121 к Уфа (Мега) - Кабаково;31,904;46,9;<;0hr 40min;0hr 48min
Персп 2П 121 к Уфа (Мега) - Кабаково;37,17;46,9;>;0hr 47min;0hr 55min
Персп 2П 121 соц Уфа (Мега) - Тимкино;40,303;52,1;<;0hr 46min;0hr 51min
Персп 2П 121 соц Уфа (Мега) - Тимкино;34,594;52,1;>;0hr 39min;0hr 43min
Персп 2П 122 Уфа (Дема) - Авдон;14,614;43;<;0hr 20min;0hr 24min
Персп 2П 122 Уфа (Дема) - Авдон;14,681;43;>;0hr 20min;0hr 24min
Персп 2П 123 Уфа (Мега) - сады Лесная поляна;14,942;43;<;0hr 20min;0hr 23min
Персп 2П 123 Уфа (Мега) - сады Лесная поляна;9,473;43;>;0hr 13min;0hr 15min
Персп 2П 124 Уфа (Мега) - Шипово;38,436;43;<;0hr 53min;1hr 2min
Персп 2П 124 Уфа (Мега) - Шипово;33,976;43;>;0hr 47min;0hr 57min
Персп 2П 126 Уфа (Мега) - сады Автомобилист;31,996;43;<;0hr 44min;0hr 49min
Персп 2П 126 Уфа (Мега) - сады Автомобилист;26,547;43;>;0hr 37min;0hr 44min
Персп 2П 127 к Уфа (Дема) - Алкино-2;24,475;43;<;0hr 34min;0hr 38min
Персп 2П 127 к Уфа (Дема) - Алкино-2;24,476;43;>;0hr 34min;0hr 38min
Персп 2П 129 к Уфа (Мега) - Бузовьязы;48,803;52,2;<;0hr 56min;1hr 3min
Персп 2П 129 к Уфа (Мега) - Бузовьязы;54,239;52,2;>;1hr 2min;1hr 10min
Персп 2П 130к/130 Уфа (Южный АВ) -Турбаслы;27,387;43,1;<;0hr 38min;0hr 40min
Персп 2П 130к/130 Уфа (Южный АВ) -Турбаслы;27,387;43,1;>;0hr 38min;0hr 41min
Персп 2П 131к Уфа (Южный АВ) - Шамонино;25,403;43,2;<;0hr 35min;0hr 40min
Персп 2П 131к Уфа (Южный АВ) - Шамонино;27,459;43,2;>;0hr 38min;0hr 43min
Персп 2П 135 Уфа (Южный АВ) - сады Демские;22,61;32,51;<;0hr 41min;0hr 44min
Персп 2П 135 Уфа (Южный АВ) - сады Демские;22,757;32,51;>;0hr 42min;0hr 45min
Персп 2П 142 Уфа (Мега) -  Енгалышево;33,533;43;<;0hr 46min;0hr 54min
Персп 2П 142 Уфа (Мега) -  Енгалышево;28,217;43;>;0hr 39min;0hr 46min
Персп 2П 150 Уфа (Мега) - Балагушево;41,282;43;<;0hr 57min;1hr 3min
Персп 2П 150 Уфа (Мега) - Балагушево;36,815;43;>;0hr 51min;0hr 56min
Персп 2П 151 Уфа (Мега) - Чишмы;54,033;44,3;<;1hr 13min;1hr 26min
Персп 2П 151 Уфа (Мега) - Чишмы;49,008;44,3;>;1hr 6min;1hr 18min
Персп 2П 152 Уфа (Мега) - Сады Нарат;54,868;43,3;<;1hr 16min;1hr 24min
Персп 2П 152 Уфа (Мега) - Сады Нарат;49,697;43,3;>;1hr 8min;1hr 15min
Персп 2П 154 Уфа (Мега) - Александровка;52,141;50,2;<;1hr 2min;1hr 18min
Персп 2П 154 Уфа (Мега) - Александровка;46,998;50,2;>;0hr 56min;1hr 11min
Персп 2П 157 Уфа (Мега) - Фомичево;33,86;43,7;<;0hr 46min;0hr 56min
Персп 2П 157 Уфа (Мега) - Фомичево;28,61;43,7;>;0hr 39min;0hr 47min
Персп 2П 163 Уфа (Мега) - Охлебинино;43,374;54,3;<;0hr 47min;1hr 5min
Персп 2П 163 Уфа (Мега) - Охлебинино;48,831;54,3;>;0hr 53min;1hr 15min
Персп 2П 163к Уфа (Мега) - Акбердино;29,757;55;<;0hr 32min;0hr 50min
Персп 2П 163к Уфа (Мега) - Акбердино;24,3;55;>;0hr 26min;0hr 38min
Персп 2П 164 Т Уфа (Мега) - Таптыково;23,14;45,1;<;0hr 30min;0hr 34min
Персп 2П 164 Т Уфа (Мега) - Таптыково;17,787;45,1;>;0hr 23min;0hr 26min
Персп 2П 164 Уфа (Мега) - Нижегородка;18,962;43;<;0hr 26min;0hr 29min
Персп 2П 164 Уфа (Мега) - Нижегородка;13,645;43;>;0hr 19min;0hr 21min
Персп 2П 165 Уфа (Северный АВ) - Иглино;32,529;43;<;0hr 45min;1hr 4min
Персп 2П 165 Уфа (Северный АВ) - Иглино;33,666;43;>;0hr 46min;1hr 5min
Персп 2П 171 Уфа (Дема) - Жуково (Конечная (ул. Парковая) - Больница №6);17,991;51,16;<;0hr 21min;0hr 25min
Персп 2П 171 Уфа (Дема) - Жуково (Конечная (ул. Парковая) - Больница №6);18,135;51,16;>;0hr 21min;0hr 25min
Персп 2П 213 Уфа (Мега) - ч/з Миловский Парк - д. Сергеевка;17,595;43;<;0hr 24min;0hr 28min
Персп 2П 213 Уфа (Мега) - ч/з Миловский Парк - д. Сергеевка;17,595;43;>;0hr 24min;0hr 28min
Персп 2П 214 Уфа (Мега) - ЖК «Миловский парк»;9,067;52,2;<;0hr 10min;0hr 20min
Персп 2П 214 Уфа (Мега) - ЖК «Миловский парк»;8,642;52,2;>;0hr 9min;0hr 18min
Персп 2П 247 Уфа (Мега) - Микрорайон Спутник (Чесноковка);17,944;53;<;0hr 20min;0hr 26min
Персп 2П 247 Уфа (Мега) - Микрорайон Спутник (Чесноковка);12,487;53;>;0hr 14min;0hr 19min
Персп 2П 253 к Уфа (Мега) - Кармаскалы;59,115;58;<;1hr 1min;1hr 8min
Персп 2П 253 к Уфа (Мега) - Кармаскалы;64,551;58;>;1hr 6min;1hr 14min
Персп 2П 253 соц Уфа (Мега) - Кармаскалы;47,048;51,6;<;0hr 54min;1hr 1min
Персп 2П 253 соц Уфа (Мега) - Кармаскалы;52,485;51,6;>;1hr 1min;1hr 9min
Персп 2П 311 Уфа (Южный АВ) - с. Султанаево;57,351;55,7;<;1hr 1min;1hr 26min
Персп 2П 311 Уфа (Южный АВ) - с. Султанаево;57,351;55,7;>;1hr 1min;1hr 24min
Персп 2П 311о Уфа (Южный АВ) -  Михайловский поворот - Деревня Опытное Хозяйство;24,892;48,5;<;0hr 30min;0hr 49min
Персп 2П 311о Уфа (Южный АВ) -  Михайловский поворот - Деревня Опытное Хозяйство;24,892;48,5;>;0hr 30min;0hr 49min
Персп 2П 311п Уфа (Эжный АВ) - Подымалово;23,403;56,1;<;0hr 25min;0hr 42min
Персп 2П 311п Уфа (Эжный АВ) - Подымалово;23,403;56,1;>;0hr 25min;0hr 43min
Персп 2П 313 к Уфа (Южный АВ) - с. Красный Яр;27,618;47;<;0hr 35min;0hr 55min
Персп 2П 313 к Уфа (Южный АВ) - с. Красный Яр;27,618;47;>;0hr 35min;0hr 55min
Персп 2П 357 Стерлитамак (Колх. Рынок) - д. Муравей;14,423;44,3;<;0hr 19min;0hr 34min
Персп 2П 357 Стерлитамак (Колх. Рынок) - д. Муравей;14,264;44,3;>;0hr 19min;0hr 34min
Персп 2П 358 Стерлитамак (Автовокзал) - Колхозный рынок - Загородный - д. Байрак;13,577;43;<;0hr 18min;0hr 41min
Персп 2П 358 Стерлитамак (Автовокзал) - Колхозный рынок - Загородный - д. Байрак;12,976;43;>;0hr 18min;0hr 44min
Персп 2П 391 Уфа (Южный АВ) - Николаевка;18,668;55;<;0hr 20min;0hr 35min
Персп 2П 391 Уфа (Южный АВ) - Николаевка;18,668;55;>;0hr 20min;0hr 37min
Персп 2П Уфа (Мега) - Сады Ново-Осоргино (Уфимский район);32,476;43;<;0hr 45min;0hr 59min
Персп 2П Уфа (Мега) - Сады Ново-Осоргино (Уфимский район);27,018;43;>;0hr 37min;0hr 48min
Персп 2П Уфа (Мега) - Село Сихонкино;37,717;43;<;0hr 52min;1hr 1min
Персп 2П Уфа (Мега) - Село Сихонкино;32,26;43;>;0hr 45min;0hr 54min
Персп 2П Уфа (Мега) - Село Теперишево;79,682;55,8;<;1hr 25min;1hr 42min
Персп 2П Уфа (Мега) - Село Теперишево;74,224;55,8;>;1hr 19min;1hr 37min
Персп 2П Уфа (Северный АВ) - Деревня Верный;22,745;43;<;0hr 31min;0hr 48min
Персп 2П Уфа (Северный АВ) - Деревня Верный;23,881;43;>;0hr 33min;0hr 50min
Персп 2П Уфа (Северный АВ) - Тугай;17,017;55;<;0hr 18min;0hr 26min
Персп 2П Уфа (Северный АВ) - Тугай;17,017;55;>;0hr 18min;0hr 26min
Персп Белорецк - Межгорье;79,31;52;<;1hr 31min;1hr 37min
Персп Белорецк - Межгорье;79,31;52;>;1hr 31min;1hr 37min
Персп Дюртюли - Бураево;70,642;55;<;1hr 17min;1hr 27min
Персп Дюртюли - Бураево;70,642;55;>;1hr 17min;1hr 27min
Персп Новобелокатай - Месягутово;77,971;50,6;<;1hr 32min;1hr 35min
Персп Новобелокатай - Месягутово;77,971;50,6;>;1hr 32min;1hr 35min
Персп Старосубхангулово - Белорецк;136,821;52;<;2hr 37min;2hr 43min
Персп Старосубхангулово - Белорецк;136,821;52;>;2hr 37min;2hr 43min
Персп Стерлитамак - Нижние Услы - Чуртан;40,682;43;<;0hr 56min;1hr 9min
Персп Стерлитамак - Нижние Услы - Чуртан;40,682;43;>;0hr 56min;1hr 9min
Персп Стерлитамак - Услыбаш - Константиноградовка;53,751;46,8;<;1hr 8min;1hr 24min
Персп Стерлитамак - Услыбаш - Константиноградовка;53,751;46,8;>;1hr 8min;1hr 24min
ПН 317д Уфа (Южный АВ) - Сады «Родник»;45,244;49,4;<;0hr 54min;1hr 15min
ПН 317д Уфа (Южный АВ) - Сады «Родник»;45,244;49,4;>;0hr 54min;1hr 14min
ПН Кумертау - Мурапталово;40,711;43;<;0hr 56min;1hr 1min
ПН Кумертау - Мурапталово;40,711;43;>;0hr 56min;1hr 1min
ПН Кумертау - Свобода;27,099;43;<;0hr 37min;0hr 37min
ПН Кумертау - Свобода;27,099;43;>;0hr 37min;0hr 37min
ПН Кумертау - Якшимбет;34,187;43;<;0hr 47min;0hr 49min
ПН Кумертау - Якшимбет;34,187;43;>;0hr 47min;0hr 49min
ПН Стерлитамак - Айгулево;20,129;43;<;0hr 28min;0hr 40min
ПН Стерлитамак - Айгулево;20,129;43;>;0hr 28min;0hr 40min
ПН Стерлитамак - Аючево;28,925;41;<;0hr 42min;0hr 54min
ПН Стерлитамак - Аючево;28,925;41;>;0hr 42min;0hr 55min
ПН Стерлитамак - Дергачевка;47,721;43,7;<;1hr 5min;1hr 20min
ПН Стерлитамак - Дергачевка;47,721;43,7;>;1hr 5min;1hr 18min
ПН Стерлитамак - Куганак;25,87;52,4;<;0hr 29min;0hr 53min
ПН Стерлитамак - Куганак;25,87;52,4;>;0hr 29min;0hr 49min
ПН Стерлитамак - Кунакбаево;21,156;43,2;<;0hr 29min;0hr 42min
ПН Стерлитамак - Кунакбаево;21,156;43,2;>;0hr 29min;0hr 41min
ПН Стерлитамак - Кучербаево;22,611;43;<;0hr 31min;0hr 43min
ПН Стерлитамак - Кучербаево;22,611;43;>;0hr 31min;0hr 41min
ПН Стерлитамак - Николаевка;29,143;43;<;0hr 40min;0hr 56min
ПН Стерлитамак - Николаевка;29,143;43;>;0hr 40min;0hr 55min
ПН Стерлитамак - Талалаевка;30,082;45,6;<;0hr 39min;0hr 58min
ПН Стерлитамак - Талалаевка;30,082;45,6;>;0hr 39min;0hr 55min
